#,Target,Residues,Type,Domains,Residues in domain,Classification,PDB,Sequence
1,T0949,183,All groups,T0949-D1: 43-181,139,FM/TBM,-,MAAKKGMTTVLVSAVICAGVIIGALQWEKAVALPNPSGQVINGVHHYTIDEFNYYYKPDRMTWHVGEKVELTIDNRSQSAPPIAHQFSIGRTLVSRDNGFPKSQAIAVGWKDNFFDGVPITSGGQTGPVPAFSVSLNGGQKYTFSFVVPNKPGKWEYGCFLQTGQHFMNGMHGILDILPAQGS
2,T0950,353,Server only,T0950-D1: 12-353,342,FM,6ek4,MSEIITFPQQTVVYPEINVKTLSQAVKNIWRLSHQQKSGIEIIQEKTLRISLYSRDLDEAARASVPQLQTVLRQLPPQDYFLTLTEIDTELEDPELDDETRNTLLEARSEHIRNLKKDVKGVIRSLRKEANLMASRIADVSNVVILERLESSLKEEQERKAEIQADIAQQEKNKAKLVVDRNKIIESQDVIRQYNLADMFKDYIPNISDLDKLDLANPKKELIKQAIKQGVEIAKKILGNISKGLKYIELADARAKLDERINQINKDCDDLKIQLKGVEQRIAGIEDVHQIDKERTTLLLQAAKLEQAWNIFAKQLQNTIDGKIDQQDLTKIIHKQLDFLDDLALQYHSMLLS
3,T0951,276,Server only,T0951-D1: 8-273,266,TBM-easy,5z82,GPLGSMSSIGLAHNVTILGSGETTVVLGHGYGTDQSVWKLLVPYLVDDYKVLLYDHMGAGTTNPDYFDFDRYSSLEGYSYDLIAILEEFQVSKCIYVGHSMSSMAAAVASIFRPDLFHKLVMISPTPRLINTEEYYGGFEQKVMDETLRSLDENFKSLSLGTAPLLLACDLESAAMQEYCRTLFNMRPDIACCITRMICGLDLRPYLGHVTVPCHIIQSSNDIMVPVAVGEYLRKNLGGPSVVEVMPTEGHLPHLSMPEVTIPVVLRHIRQDITDH
4,T0953s1,465,All groups,T0953s1-D1: 6-72,67,FM,6f45,GALGSASIAIGDNDTGLRWGGDGIVQIVANNAIVGGWNSTDIFTEAGKHITSNGNLNQWGGGAIYCRDLNVS
5,T0953s2,465,All groups,T0953s2-D1: 2-45,44,FM/TBM,6f45,MAVQGPWVGSSYVAETGQNWASLAANELRVTERPFWISSFIGRSKEEIWEWTGENHSFNKDWLIGELRNRGGTPVVINIRAHQVSYTPGAPLFEFPGDLPNAYITLNIYADIYGRGGTGGVAYLGGNPGGDCIHNWIGNRLRINNQGWICGGGGGGGGFRVGHTEAGGGGGRPLGAGGVSSLNLNGDNATLGAPGRGYQLGNDYAGNGGDVGNPGSASSAEMGGGAAGRAVVGTSPQWINVGNIAGSWL
6,T0953s2,465,All groups,T0953s2-D2: 46-114;131-151;229-249,111,FM,6f45,MAVQGPWVGSSYVAETGQNWASLAANELRVTERPFWISSFIGRSKEEIWEWTGENHSFNKDWLIGELRNRGGTPVVINIRAHQVSYTPGAPLFEFPGDLPNAYITLNIYADIYGRGGTGGVAYLGGNPGGDCIHNWIGNRLRINNQGWICGGGGGGGGFRVGHTEAGGGGGRPLGAGGVSSLNLNGDNATLGAPGRGYQLGNDYAGNGGDVGNPGSASSAEMGGGAAGRAVVGTSPQWINVGNIAGSWL
7,T0953s2,465,All groups,T0953s2-D3: 115-130;152-228,93,FM,6f45,MAVQGPWVGSSYVAETGQNWASLAANELRVTERPFWISSFIGRSKEEIWEWTGENHSFNKDWLIGELRNRGGTPVVINIRAHQVSYTPGAPLFEFPGDLPNAYITLNIYADIYGRGGTGGVAYLGGNPGGDCIHNWIGNRLRINNQGWICGGGGGGGGFRVGHTEAGGGGGRPLGAGGVSSLNLNGDNATLGAPGRGYQLGNDYAGNGGDVGNPGSASSAEMGGGAAGRAVVGTSPQWINVGNIAGSWL
8,T0954,350,All groups,T0954-D1: 9-45;52-350,336,TBM-hard,6cvz,SPSSQGQHKHKYHFQKTFTVSQAGNCRIMAYCDALSCLVISQPSPQASFLPGFGVKMLSTANMKSSQYIPMHGKQIRGLAFSSYLRGLLLSASLDNTIKLTSLETNTVVQTYNAGRPVWSCCWCLDEANYIYAGLANGSILVYDVRNTSSHVQELVAQKARCPLVSLSYMPRAASAAFPYGGVLAGTLEDASFWEQKMDFSHWPHVLPLEPGGCIDFQTENSSRHCLVTYRPDKNHTTIRSVLMEMSYRLDDTGNPICSCQPVHTFFGGPTCKLLTKNAIFQSPENDGNILVCTGDEAANSALLWDAASGSLLQDLQTDQPVLDICPFEVNRNSYLATLTEKMVHIYKWE
9,T0955,41,All groups,T0955-D1: 1-41,41,FM/TBM,5w9f,SQETRKKCTEMKKKFKNCEVRCDESNHCVEVRCSDTKYTLC
10,T0957s1,329,All groups,T0957s1-D1: 2-37;92-163,108,FM,6cp8,SNSFEVSSLPDANGKNHITAVKGDAKIPVDKIELYMRGKASGDLDSLQAEYNSLKDARISSQKEFAKDPNNAKRMEVLEKQIHNIERSQDMARVLEQAGIVNTASNNSMIMDKLLDSAQGATSANRKTSVVVSGPNGNVRIYATWTILPDGTKRLSTVTGTFK
11,T0957s1,329,All groups,T0957s1-D2: 38-91,54,TBM-hard,6cp8,SNSFEVSSLPDANGKNHITAVKGDAKIPVDKIELYMRGKASGDLDSLQAEYNSLKDARISSQKEFAKDPNNAKRMEVLEKQIHNIERSQDMARVLEQAGIVNTASNNSMIMDKLLDSAQGATSANRKTSVVVSGPNGNVRIYATWTILPDGTKRLSTVTGTFK
12,T0957s2,329,All groups,T0957s2-D1: 7-161,155,FM,6cp8,SNAMINVNSTAKDIEGLESYLANGYVEANSFNDPEDDALECLSNLLVKDSRGGLSFCKKILNSNNIDGVFIKGSALNFLLLSEQWSYAFEYLTSNADNITLAELEKALFYFYCAKNETDPYPVPEGLFKKLMKRYEELKNDPDAKFYHLHETYDDFSKAYPLNN
13,T0958,96,All groups,T0958-D1: 5-81,77,FM/TBM,6btc,MNKKSKQQEKLYNFIIAKSFQQPVGSTFTYGELRKKYNVVCSTNDQREVGRRFAYWIKYTPGLPFKIVGTKNGSLLYQKIGINPCNNSTPSKGGDC
14,T0959,189,All groups,T0959-D1: 1-26;32-169;174-189,180,TBM-hard,-,MDALTFRKNAIAEVIDREGGSKYTNRAADRGGPTRWGVTEKNARAYGYKGDMQNLPYEIAYAIYSANFWDFCKCDEIAKYSQELALWMFDYAVNSGPPAAIAELQDQLNILNQRGKLYPDFAPAANIGPKTLAALAAYCKVRDIKVLAYAFNGCRIAKLKNIAKADETQEDNIYGWYQRVITITKQVGV
15,T0960,384,All groups,T0960-D1: 11-42,32,not evaluated,6cl5,SGSEFVTAGMALAATDIPGLDASKLVSGVLAEQRLPVFARGLATAVSNSSDPNTATVPLMLTNHANGPVAGRYFYIQSMFYPDQNGNASQIATSYNATSEMYVRVSYAANPSIREWLPWQRCDIGGSFTKTTDGSIGNGVNINSFVNSGWWLQSTSEWAAGGANYPVGLAGLLIVYRAHADHIYQTYVTLNGSTYSRCCYAGSWRPWRQNWDDGNFDPASYLPKAGFTWAALPGKPATFPPSGHNHDTSQITSGILPLARGGLGANTAAGARNNIGAGVPATASRALNGWWKDNDTGLIVQWMQVNVGDHPGGIIDRTLTFPIAFPSACLHVVPTVKEVGRPATSASTVTVADVSVSNTGCVIVSSEYYGLAQNYGIRVMAIGY
16,T0960,384,All groups,T0960-D2: 43-126,84,FM,6cl5,SGSEFVTAGMALAATDIPGLDASKLVSGVLAEQRLPVFARGLATAVSNSSDPNTATVPLMLTNHANGPVAGRYFYIQSMFYPDQNGNASQIATSYNATSEMYVRVSYAANPSIREWLPWQRCDIGGSFTKTTDGSIGNGVNINSFVNSGWWLQSTSEWAAGGANYPVGLAGLLIVYRAHADHIYQTYVTLNGSTYSRCCYAGSWRPWRQNWDDGNFDPASYLPKAGFTWAALPGKPATFPPSGHNHDTSQITSGILPLARGGLGANTAAGARNNIGAGVPATASRALNGWWKDNDTGLIVQWMQVNVGDHPGGIIDRTLTFPIAFPSACLHVVPTVKEVGRPATSASTVTVADVSVSNTGCVIVSSEYYGLAQNYGIRVMAIGY
17,T0960,384,All groups,T0960-D3: 127-215,89,TBM-hard,6cl5,SGSEFVTAGMALAATDIPGLDASKLVSGVLAEQRLPVFARGLATAVSNSSDPNTATVPLMLTNHANGPVAGRYFYIQSMFYPDQNGNASQIATSYNATSEMYVRVSYAANPSIREWLPWQRCDIGGSFTKTTDGSIGNGVNINSFVNSGWWLQSTSEWAAGGANYPVGLAGLLIVYRAHADHIYQTYVTLNGSTYSRCCYAGSWRPWRQNWDDGNFDPASYLPKAGFTWAALPGKPATFPPSGHNHDTSQITSGILPLARGGLGANTAAGARNNIGAGVPATASRALNGWWKDNDTGLIVQWMQVNVGDHPGGIIDRTLTFPIAFPSACLHVVPTVKEVGRPATSASTVTVADVSVSNTGCVIVSSEYYGLAQNYGIRVMAIGY
18,T0960,384,All groups,T0960-D4: 216-279,64,not evaluated,6cl5,SGSEFVTAGMALAATDIPGLDASKLVSGVLAEQRLPVFARGLATAVSNSSDPNTATVPLMLTNHANGPVAGRYFYIQSMFYPDQNGNASQIATSYNATSEMYVRVSYAANPSIREWLPWQRCDIGGSFTKTTDGSIGNGVNINSFVNSGWWLQSTSEWAAGGANYPVGLAGLLIVYRAHADHIYQTYVTLNGSTYSRCCYAGSWRPWRQNWDDGNFDPASYLPKAGFTWAALPGKPATFPPSGHNHDTSQITSGILPLARGGLGANTAAGARNNIGAGVPATASRALNGWWKDNDTGLIVQWMQVNVGDHPGGIIDRTLTFPIAFPSACLHVVPTVKEVGRPATSASTVTVADVSVSNTGCVIVSSEYYGLAQNYGIRVMAIGY
19,T0960,384,All groups,T0960-D5: 280-384,105,TBM-easy,6cl5,SGSEFVTAGMALAATDIPGLDASKLVSGVLAEQRLPVFARGLATAVSNSSDPNTATVPLMLTNHANGPVAGRYFYIQSMFYPDQNGNASQIATSYNATSEMYVRVSYAANPSIREWLPWQRCDIGGSFTKTTDGSIGNGVNINSFVNSGWWLQSTSEWAAGGANYPVGLAGLLIVYRAHADHIYQTYVTLNGSTYSRCCYAGSWRPWRQNWDDGNFDPASYLPKAGFTWAALPGKPATFPPSGHNHDTSQITSGILPLARGGLGANTAAGARNNIGAGVPATASRALNGWWKDNDTGLIVQWMQVNVGDHPGGIIDRTLTFPIAFPSACLHVVPTVKEVGRPATSASTVTVADVSVSNTGCVIVSSEYYGLAQNYGIRVMAIGY
20,T0961,505,All groups,T0961-D1: 3-505,503,TBM-easy,6sd8,MKNFYQDGPQLSNTFRSDEALQKILKSLLPADAQKVALPHLEHLGERAVTDMLTWAQEAESQPPVHVPFDPWGRRIDDIKTSHGWKALEKVAAEEGIVATAYDRRFGAASRVYQMALLYLYSPSSAIFSCPLAMTDGAARALELYADADLKARVLPHLLSRDPKTFWTAGQWMTERTGGSDVSGTSTDAHPFTGTSEFGATHSLHGTKWFTSATTSQMALTLARPDGAAPGSRGLSLFFLELRNDKGELNHIQIHRLKDKLGTKALPTAELSLQGTPARMIGGVGEGVKRIASVLNITRIYNSICAVGHIRRALDLAQDYSGKRQAFGKLLKDHPLHKSTLDSLEADFRKCIAFSFFVANLLGQEEVGEASASEKILLRVLTPILKLYTAKKSIHISSEVVEMFGGAGYVEDTGIPRLLRDAQVFSIWEGTTNVLSLDMLRAFEKDQAGQILEQFLVLNEAGSEELVRLQKLLTLSGEQKEQHAREIAFLIGNAVARIAMKKYSL
21,T0962,220,Server only,T0962-D1: 2-178,177,TBM-easy,-,MKITKDILITGTGCTTDRAIKWLDDVQAAMDKFHIESPRAIAAYLANIGVESGGLVSLVENLNYSAQGLANTWPRRYAVDPRVRPYVPNALANRLARNPVAIANNVYADRMGNGCEQDGDGWKYRGRGLIQLTGKSNYSLFAEDSGMDVLEKPELLETPAGASMSSAWFFWRNRCIPMAESNNFSMVVKTINGAAPNDANHGQLRINRYMKTIAAINQGS
22,T0963,372,All groups,T0963-D1: 9-39,31,not evaluated,6cl6,SGSVTAGMALAATDIPGLDASKLVSGVLAEQRLPVFARGLATAVSNSSDPNTATVPLMLTNHANGPVAGRYFYIQSMFYPDQNGNASQIATSYNATSEMYVRVSYAANPSIREWLPWQRCDIGGSFTKEADGELPGGVNLDSMVTSGWWSQSFTAQAASGANYPIVRAGLLHVYAASSNFIYQTYQAYDGESFYFRCRHSNTWFPWRRMWHGGDFNPSDYLLKSGFYWNALPGKPATFPPSAHNHDVGQLTSGILPLARGGVGSNTAAGARSTIGAGVPATASLGASGWWRDNDTGLIRQWGQVTCPADADASITFPIPFPTLCLGGYANQTSAFHPGTDASTGFRGATTTTAVIRNGYFAQAVLSWEAFGR
23,T0963,372,All groups,T0963-D2: 40-121,82,FM,6cl6,SGSVTAGMALAATDIPGLDASKLVSGVLAEQRLPVFARGLATAVSNSSDPNTATVPLMLTNHANGPVAGRYFYIQSMFYPDQNGNASQIATSYNATSEMYVRVSYAANPSIREWLPWQRCDIGGSFTKEADGELPGGVNLDSMVTSGWWSQSFTAQAASGANYPIVRAGLLHVYAASSNFIYQTYQAYDGESFYFRCRHSNTWFPWRRMWHGGDFNPSDYLLKSGFYWNALPGKPATFPPSAHNHDVGQLTSGILPLARGGVGSNTAAGARSTIGAGVPATASLGASGWWRDNDTGLIRQWGQVTCPADADASITFPIPFPTLCLGGYANQTSAFHPGTDASTGFRGATTTTAVIRNGYFAQAVLSWEAFGR
24,T0963,372,All groups,T0963-D3: 122-214,93,TBM-hard,6cl6,SGSVTAGMALAATDIPGLDASKLVSGVLAEQRLPVFARGLATAVSNSSDPNTATVPLMLTNHANGPVAGRYFYIQSMFYPDQNGNASQIATSYNATSEMYVRVSYAANPSIREWLPWQRCDIGGSFTKEADGELPGGVNLDSMVTSGWWSQSFTAQAASGANYPIVRAGLLHVYAASSNFIYQTYQAYDGESFYFRCRHSNTWFPWRRMWHGGDFNPSDYLLKSGFYWNALPGKPATFPPSAHNHDVGQLTSGILPLARGGVGSNTAAGARSTIGAGVPATASLGASGWWRDNDTGLIRQWGQVTCPADADASITFPIPFPTLCLGGYANQTSAFHPGTDASTGFRGATTTTAVIRNGYFAQAVLSWEAFGR
25,T0963,372,All groups,T0963-D4: 215-278,64,not evaluated,6cl6,SGSVTAGMALAATDIPGLDASKLVSGVLAEQRLPVFARGLATAVSNSSDPNTATVPLMLTNHANGPVAGRYFYIQSMFYPDQNGNASQIATSYNATSEMYVRVSYAANPSIREWLPWQRCDIGGSFTKEADGELPGGVNLDSMVTSGWWSQSFTAQAASGANYPIVRAGLLHVYAASSNFIYQTYQAYDGESFYFRCRHSNTWFPWRRMWHGGDFNPSDYLLKSGFYWNALPGKPATFPPSAHNHDVGQLTSGILPLARGGVGSNTAAGARSTIGAGVPATASLGASGWWRDNDTGLIRQWGQVTCPADADASITFPIPFPTLCLGGYANQTSAFHPGTDASTGFRGATTTTAVIRNGYFAQAVLSWEAFGR
26,T0963,372,All groups,T0963-D5: 279-372,94,TBM-easy,6cl6,SGSVTAGMALAATDIPGLDASKLVSGVLAEQRLPVFARGLATAVSNSSDPNTATVPLMLTNHANGPVAGRYFYIQSMFYPDQNGNASQIATSYNATSEMYVRVSYAANPSIREWLPWQRCDIGGSFTKEADGELPGGVNLDSMVTSGWWSQSFTAQAASGANYPIVRAGLLHVYAASSNFIYQTYQAYDGESFYFRCRHSNTWFPWRRMWHGGDFNPSDYLLKSGFYWNALPGKPATFPPSAHNHDVGQLTSGILPLARGGVGSNTAAGARSTIGAGVPATASLGASGWWRDNDTGLIRQWGQVTCPADADASITFPIPFPTLCLGGYANQTSAFHPGTDASTGFRGATTTTAVIRNGYFAQAVLSWEAFGR
27,T0964,184,All groups,T0964-D1: 90-184,95,TBM-hard,-,NVPVTGVTVNPTTAQVEVGQSVQLNASVAPSNATNKQVTWSVSGSSIASVSPNGLVTGLAQGTTTVTATTADGNKAASATITVAPAPSTVIVIGDEVKGLKKIGDDLLFYVNGATFADLHYKVNNGGQLNVAMAPTGNGNYTYPVHNLKHGDTVEYFFTYNPGQGALDTPWQTYVHGVTQGTPE
28,T0965,334,All groups,T0965-D1: 14-326,313,TBM-hard,6d2v,MGSSHHHHHHSSGLVPRGSHMEGKKILVTGGTGQVARPVAEALAERNEVWCLGRFGTPGVEKELNDRGITTFHWDMDDPGAAAYEGLPDDFTHVLHSAVRRGEDGDVNAAVEVNSVACGRLMTHCRGAEAFLFVSTGALYKRQTLDHAYTEDDPVDGVADWLPAYPVGKIAAEGAVRAFAQVLNLPTTIARLNIAYGPGGYGGVPMLYFKRMLAGEPIPVPKEGQNWCSLLHTDDLVAHVPRLWEAAATPATLVNWGGDEAVGITDCVRYLEELTGVRARLVPSEVTRETYRFDPTRRREITGPCRVPWREGVRRTLQALHPEHLPSESRHSAV
29,T0966,494,All groups,T0966-D1: 1-492,492,TBM-hard,5w6l,QELKERAKVFAKPIGASYQGILDQLDLVHQAKGRDQIAASFELNKKINDYIAEHPTSGRNQALTQLKEQVTSALFIGKMQVAQAGIDAIAQTRPELAARIFMVAIEEANGKHVGLTDMMVRWANEDPYLAPKHGYKGETPSDLGFDAKYHVDLGEHYADFKQWLETSQSNGLLSKATLDESTKTVHLGYSYQELQDLTGAESVQMAFYFLKEAAKKADPISGDSAEMILLKKFADQSYLSQLDSDRMDQIEGIYRSSHETDIDAWDRRYSGTGYDELTNKLASATGVDEQLAVLLDDRKGLLIGEVHGSDVNGLRFVNEQMDALKKQGVTVIGLEHLRSDLAQPLIDRYLATGVMSSELSAMLKTKHLDVTLFENARANGMRIVALDANSSARPNVQGTEHGLMYRAGAANNIAVEVLQNLPDGEKFVAIYGKAHLQSHKGIEGFVPGITHRLDLPALKVSDSNQFTVEQDDVSLRVVYDDVANKPKITFKGSL
30,T0967,81,Server only,T0967-D1: 1-79,79,TBM-easy,6qfj,EDYIEAIANVLEKTPSISDVKDIIARELGQVLEFEIDLYVPPDITVTTGERIKKEVNQIIKEIVDRKSTVKVRLFAAQEEL
31,T0968s1,242,All groups,T0968s1-D1: 5-123,119,FM,6cp9,VPEITTAQTIANSVVDAKKFDYLFGKATGNSHTLDRTNQLALEMKRLGVADDINGHAVLAEHFTQATKDSNNIVKKYTDQYGSFEIRESFFIGPSGKATVFESTFEVMKDGSHRFITTIPKNGVTK
32,T0968s2,242,All groups,T0968s2-D1: 1-116,116,FM,6cp9,MFIENKPGEIELLSFFESEPVSFERDNISFLYTAKNKCGLSVDFSFSVVEGWIQYTVRLHENEILHNSIDGVSSFSIRNDNLGDYIYAEIITKELINKIEIRIRPDIKIKSSSVIR
33,T0969,487,All groups,T0969-D1: 133-486,354,FM,6cci,MQPWRRKFPLFETGVTMKQRKNSNLSIFVVVFSVFLFGIFMYNEDVKSIAEFPFSTSKPHDVHDEATPITEITTLPVQESIKNSDPIQESIKNADSVQDSVKDVAEPVQEEVSKTEEVKKIELFAATEDEEDVELPPEECDLFTGEWVFDNETHPLYKEDQCEFLTAQVTCMRNGRRDSLYQNWRWQPRDCSLPKFKAKLLLEKLRNKRMMFVGDSLNRNQWESMVCLVQSVVPPGRKSLNKTGSLSVFRVEDYNATVEFYWAPFLVESNSDDPNMHSILNRIIMPESIEKHGVNWKGVDFLVFNTYIWWMNTFAMKVLRGSFDKGDTEYEEIERPVAYRRVMRTWGDWVERNIDPLRTTVFFASMSPLHIKSLDWENPDGIKCALETTPILNMSMPFSVGTDYRLFSVAENVTHSLNVPVYFLNITKLSEYRKDAHTSVHTIRQGKMLTPEQQADPNTYADCIHWCLPGLPDTWNEFLYTRIISRS
34,T0970,97,All groups,T0970-D1: 1-97,97,FM/TBM,6g57,KRSGFLTLGYRGSYVARIMVCGRIALAKEVFGDTLNESRDEKYTSRFYLKFTYLEQAFDRLSEAGFHMVACNSSGTAAFYRDDKIWSSYTEYIFFRP
35,T0971,186,Server only,T0971-D1: 57-186,130,TBM-easy,6d34,MGSSHHHHHHSSGLVPRGSHMANTMASPNTPAPPNAAASPNPSDSPNPSDSPNPPASPNIEAILASYAGFRDRDIEGILSGMHPDVEWVHPEGMGKYGLGGTKLGHAGIKEFLAHVPTVLGGMRLAPREFIEQGDRVVVFGTREVTSLRGTTATLDFVHSWTMRDGKATRMEDIFDTVAFHELIES
36,T0973,146,All groups,T0973-D1: 1-59;66-83;96-146,128,TBM-easy,6yfn,PQAADIVIADAQATPVNHTFVPIGPDPKDATIYWWEDQSQASPAGYWRLSMQLVRPAPAKAGQNTNQRMIRVRVSTFEPILEVAVTATYSGIAPSPTVSYVPKAFTEFVLPERATLDNRKDIRKMHALALTTSEAIAMIESLQFVY
37,T0974s1,169,All groups,T0974s1-D1: 2-70,69,TBM-easy,6tri,MSYDYSSLLGKITEKCGTQYNFAIAMGLSERTVSLKLNDKVTWKDDEILKAVHVLELNPQDIPKYFFNAKVH
38,T0974s2,169,Server only,T0974s2-D1: 1-80,80,not evaluated,6tri,MQTDTSNRLKQIMAERNLKQVDILNLSIPFQKKFGIKLSKSTLSQYVNSVQSPDQNRIYLLAKTLGVSEAWLMGFDVPMVESSKIENDSHHHHHH
39,T0975,343,All groups,T0975-D1: 36-328,293,FM,7lw8,LEDAQESKALVNMPGPSSESLGKDDKPISLQNWKRGLDILSPMERFHLKYLYVTDLATQNWCELQTAYGKELPGFLAPEKAAVLDTGASIHLARELELHDLVTVPVTTKEDAWAIKFLNILLLIPTLQSEGHIREFPVFGEGEGVLLVGVIDELHYTAKGELELAELKTRRRPMLPLEAQKKKDCFQVSLYKYIFDAMVQGKVTPASLIHHTKLCLEKPLGPSVLRHAQQGGFSVKSLGDLMELVFLSLTLSDLPVIDILKIEYIHQETATVLGTEIVAFKEKEVRAKVQHYMAYWMGHREPQGVDVEEAWKCRTCTYADICEWRKGSGVLSSTLAPQVKKAK
40,T0976,252,All groups,T0976-D1: 9-128,120,TBM-easy,6mxv,MKIMQHSSGFLKLVDDAKSRIQECSVDDIQKMNETQTLDGLLIDTREESEVANGYIPNAIHLSKGIIESAIESAVPNKNQKMYFYCGGGFRSALVADKLREMGYKNVISVDGGWRAWNAKGYPTVSPNQFRPNEFLKLVNNAKTQIKECSTTELYNKINSQELDGIVFDVREDSEFNRFHIQGATHLSKGQIEVKIENLVPNKQQKIYLYCGSGFRSALAAESLQHMGYTNVVSIAGGIKDWLANNYPVSQN
41,T0976,252,All groups,T0976-D2: 129-252,124,TBM-easy,6mxv,MKIMQHSSGFLKLVDDAKSRIQECSVDDIQKMNETQTLDGLLIDTREESEVANGYIPNAIHLSKGIIESAIESAVPNKNQKMYFYCGGGFRSALVADKLREMGYKNVISVDGGWRAWNAKGYPTVSPNQFRPNEFLKLVNNAKTQIKECSTTELYNKINSQELDGIVFDVREDSEFNRFHIQGATHLSKGQIEVKIENLVPNKQQKIYLYCGSGFRSALAAESLQHMGYTNVVSIAGGIKDWLANNYPVSQN
42,T0977,566,All groups,T0977-D1: 59-359,301,TBM-easy,-,MNHKVHHHHHHMELGTIDKIIHDEFTKYSAGLTSAFALFKVAEMKQMNDFKAEVKDLIKDIDRFVNGFELNELEPKFVTGFGGVRNAVNQSILIDRETNQMYSTQSDSQNPEGFWINKLTPSGDLISSMRIVEGGHGTNIALERKSNGEIKIWLYHVALSKLVQIAYRDNTTLTVDDAKALTDFTPTSSHEYFTPIMDEENDKLVFRYGGGLIQVRSREDVINHIDNVEKELQIDVKENTPDRPMQGIAVYGDDLYWLSGRSALDSKTLIQKYSFKTKSKVYDYYLNDVSFEHGVENPRDNFREPEGIYLYVNPRTKKQSLLIAYTTAGGGKRQNLLYGFFQTGEYERFVALTLKGGQNYKLTKDDGRALSIRDGVTSLSQITETGFYYMMTEHTKVMDDFPYINNDAGWFLFVSPKTQQLGGYQELTRNSGLRKMMKLIRSFTYNLNTQKFEFGKWSVIDTNSTEKEYVEAKNFGYWIAKITLPGEYYITSTQMNQFKDKPKGIGDAGAWLQVSSGNVSGEVRQTLLINSSTYKEFYSLVTVKNTHREYDWVAKHQKKLVDLQSR
43,T0977,566,All groups,T0977-D2: 360-563,204,TBM-easy,-,MNHKVHHHHHHMELGTIDKIIHDEFTKYSAGLTSAFALFKVAEMKQMNDFKAEVKDLIKDIDRFVNGFELNELEPKFVTGFGGVRNAVNQSILIDRETNQMYSTQSDSQNPEGFWINKLTPSGDLISSMRIVEGGHGTNIALERKSNGEIKIWLYHVALSKLVQIAYRDNTTLTVDDAKALTDFTPTSSHEYFTPIMDEENDKLVFRYGGGLIQVRSREDVINHIDNVEKELQIDVKENTPDRPMQGIAVYGDDLYWLSGRSALDSKTLIQKYSFKTKSKVYDYYLNDVSFEHGVENPRDNFREPEGIYLYVNPRTKKQSLLIAYTTAGGGKRQNLLYGFFQTGEYERFVALTLKGGQNYKLTKDDGRALSIRDGVTSLSQITETGFYYMMTEHTKVMDDFPYINNDAGWFLFVSPKTQQLGGYQELTRNSGLRKMMKLIRSFTYNLNTQKFEFGKWSVIDTNSTEKEYVEAKNFGYWIAKITLPGEYYITSTQMNQFKDKPKGIGDAGAWLQVSSGNVSGEVRQTLLINSSTYKEFYSLVTVKNTHREYDWVAKHQKKLVDLQSR
44,T0978,416,Server only,T0978-D1: 2-414,413,FM/TBM,-,MSKLKYFFPDSQDFIDPSFDFVRETRNEHRVRQRDDHYPHEVFPHPYDGMLVSKAVVDGLGGGESKYTRAQRLRYFRNGMKHFFRLPDNMQTMGDCGAFTYVNQDVPPYRVEEVIEFYETSRFNYGVSLDHIIFGYEKPGESFSGEVLAECRRRQDITLTLAQDFLVKSQKSCFTPFGVAHGWNKKSYRQSVEALLAMGYKNITMGGMVPLKTAQILETLEEIKPLLKSDTQVHLLGIARPESFADFIRLGVTSIDSTTPLQQAFKDRKNNYHTPEGRAYTAVRVPQFDANPSLSRKIKSGVIDQDVARHLEKDAMHALFEYDNNALSLEKTLEAVLAYERLHSGEKEAEKIRADYERTLGDRPWRKCECNICRSIGINVIIFRGAERNRRRGFHNIQVLYNRLQYTLSLRSEDKS
45,T0979,98,All groups,T0979-D1: 6-97,92,TBM-hard,7o92,GGGSGMKQLEDKVEELLSKVYHLENEVARLKKLFAETATKAETATKAETATKKDIAGMATKHDIAQLDKRMKQLEWKVEELLSKVYHLENEVARLKKL
46,T0980s1,163,All groups,T0980s1-D1: 1-105,105,FM,6gnx,SLKPFTYPFPETRFLHAGPNVYKFKIRYGKSIRGEEIENKEVITQELEDSVRVVLGNLDNLQPFATEHFIVFPYKSKWERVSHLKFKHGEIILIPYPFVFTLYVEMKWFHE
47,T0980s2,163,All groups,T0980s2-D1: 6-36,31,not evaluated,6gnx,VNNMVTGYISIDAMKKFLGELHDFIPGTSGYLAYHVQNEINMSAIKNKLKRK
48,T0981,640,All groups,T0981-D1: 34-119,86,TBM-hard,-,MAFNYTPLTETQKLKDMYPKVNDIGNFLKTEVNLSDVKQISQPDFNNILASIPDSGNYYVTNSKGAPSGEATAGFVRLDKRNVNYYKIYYSPYSSNKMYIKTYANGTVYDWISFKLDEGSLYNEGNTLNVKELTESTTQYATLVNPPKENLNTGWVNYKESKNGVSSLVEFNPVNSTSTFKMIRKLPVQEQKPNLLKDSLFVYPETSYSNIKTDNWDTPPFWGYSSNSGRSGVRFRGENTVQIDDGSDTYPSVVSNRFKMGKELSVGDTVTVSVYAKINDPALLKDNLVYFELAGYDTVDDTSKNPYTGGRREITASEITTEWKKYSFTFTIPENTIGASGVKVNYVSLLLRMNCSSSKGNGAVVYYALPKLEKSSKVTPFITHENDVRKYDEIWSNWQEVISKDELKGHSPVDIEYNDYFKYQWWKSEVNEKSLKDLAMTVPQGYHTFYCQGSIAGTPKGRSIRGTIQVDYDKGDPYRANKFVKLLFTDTEGIPYTLYYGGYNQGWKPLKQSETSTLLWKGTLDFGSTEAVNLNDSLDNYDLIEVTYWTRSAGHFSTKRLDIKNTSNLLYIRDFNISNDSTGSSVDFFEGYCTFPTRTSVQPGMVKSITLDGSTNTTKVASWNEKERIKVYNIMGINRG
49,T0981,640,All groups,T0981-D2: 120-190;394-402,80,FM,-,MAFNYTPLTETQKLKDMYPKVNDIGNFLKTEVNLSDVKQISQPDFNNILASIPDSGNYYVTNSKGAPSGEATAGFVRLDKRNVNYYKIYYSPYSSNKMYIKTYANGTVYDWISFKLDEGSLYNEGNTLNVKELTESTTQYATLVNPPKENLNTGWVNYKESKNGVSSLVEFNPVNSTSTFKMIRKLPVQEQKPNLLKDSLFVYPETSYSNIKTDNWDTPPFWGYSSNSGRSGVRFRGENTVQIDDGSDTYPSVVSNRFKMGKELSVGDTVTVSVYAKINDPALLKDNLVYFELAGYDTVDDTSKNPYTGGRREITASEITTEWKKYSFTFTIPENTIGASGVKVNYVSLLLRMNCSSSKGNGAVVYYALPKLEKSSKVTPFITHENDVRKYDEIWSNWQEVISKDELKGHSPVDIEYNDYFKYQWWKSEVNEKSLKDLAMTVPQGYHTFYCQGSIAGTPKGRSIRGTIQVDYDKGDPYRANKFVKLLFTDTEGIPYTLYYGGYNQGWKPLKQSETSTLLWKGTLDFGSTEAVNLNDSLDNYDLIEVTYWTRSAGHFSTKRLDIKNTSNLLYIRDFNISNDSTGSSVDFFEGYCTFPTRTSVQPGMVKSITLDGSTNTTKVASWNEKERIKVYNIMGINRG
50,T0981,640,All groups,T0981-D3: 191-393,203,FM/TBM,-,MAFNYTPLTETQKLKDMYPKVNDIGNFLKTEVNLSDVKQISQPDFNNILASIPDSGNYYVTNSKGAPSGEATAGFVRLDKRNVNYYKIYYSPYSSNKMYIKTYANGTVYDWISFKLDEGSLYNEGNTLNVKELTESTTQYATLVNPPKENLNTGWVNYKESKNGVSSLVEFNPVNSTSTFKMIRKLPVQEQKPNLLKDSLFVYPETSYSNIKTDNWDTPPFWGYSSNSGRSGVRFRGENTVQIDDGSDTYPSVVSNRFKMGKELSVGDTVTVSVYAKINDPALLKDNLVYFELAGYDTVDDTSKNPYTGGRREITASEITTEWKKYSFTFTIPENTIGASGVKVNYVSLLLRMNCSSSKGNGAVVYYALPKLEKSSKVTPFITHENDVRKYDEIWSNWQEVISKDELKGHSPVDIEYNDYFKYQWWKSEVNEKSLKDLAMTVPQGYHTFYCQGSIAGTPKGRSIRGTIQVDYDKGDPYRANKFVKLLFTDTEGIPYTLYYGGYNQGWKPLKQSETSTLLWKGTLDFGSTEAVNLNDSLDNYDLIEVTYWTRSAGHFSTKRLDIKNTSNLLYIRDFNISNDSTGSSVDFFEGYCTFPTRTSVQPGMVKSITLDGSTNTTKVASWNEKERIKVYNIMGINRG
51,T0981,640,All groups,T0981-D4: 403-513,111,TBM-hard,-,MAFNYTPLTETQKLKDMYPKVNDIGNFLKTEVNLSDVKQISQPDFNNILASIPDSGNYYVTNSKGAPSGEATAGFVRLDKRNVNYYKIYYSPYSSNKMYIKTYANGTVYDWISFKLDEGSLYNEGNTLNVKELTESTTQYATLVNPPKENLNTGWVNYKESKNGVSSLVEFNPVNSTSTFKMIRKLPVQEQKPNLLKDSLFVYPETSYSNIKTDNWDTPPFWGYSSNSGRSGVRFRGENTVQIDDGSDTYPSVVSNRFKMGKELSVGDTVTVSVYAKINDPALLKDNLVYFELAGYDTVDDTSKNPYTGGRREITASEITTEWKKYSFTFTIPENTIGASGVKVNYVSLLLRMNCSSSKGNGAVVYYALPKLEKSSKVTPFITHENDVRKYDEIWSNWQEVISKDELKGHSPVDIEYNDYFKYQWWKSEVNEKSLKDLAMTVPQGYHTFYCQGSIAGTPKGRSIRGTIQVDYDKGDPYRANKFVKLLFTDTEGIPYTLYYGGYNQGWKPLKQSETSTLLWKGTLDFGSTEAVNLNDSLDNYDLIEVTYWTRSAGHFSTKRLDIKNTSNLLYIRDFNISNDSTGSSVDFFEGYCTFPTRTSVQPGMVKSITLDGSTNTTKVASWNEKERIKVYNIMGINRG
52,T0981,640,All groups,T0981-D5: 514-640,127,TBM-hard,-,MAFNYTPLTETQKLKDMYPKVNDIGNFLKTEVNLSDVKQISQPDFNNILASIPDSGNYYVTNSKGAPSGEATAGFVRLDKRNVNYYKIYYSPYSSNKMYIKTYANGTVYDWISFKLDEGSLYNEGNTLNVKELTESTTQYATLVNPPKENLNTGWVNYKESKNGVSSLVEFNPVNSTSTFKMIRKLPVQEQKPNLLKDSLFVYPETSYSNIKTDNWDTPPFWGYSSNSGRSGVRFRGENTVQIDDGSDTYPSVVSNRFKMGKELSVGDTVTVSVYAKINDPALLKDNLVYFELAGYDTVDDTSKNPYTGGRREITASEITTEWKKYSFTFTIPENTIGASGVKVNYVSLLLRMNCSSSKGNGAVVYYALPKLEKSSKVTPFITHENDVRKYDEIWSNWQEVISKDELKGHSPVDIEYNDYFKYQWWKSEVNEKSLKDLAMTVPQGYHTFYCQGSIAGTPKGRSIRGTIQVDYDKGDPYRANKFVKLLFTDTEGIPYTLYYGGYNQGWKPLKQSETSTLLWKGTLDFGSTEAVNLNDSLDNYDLIEVTYWTRSAGHFSTKRLDIKNTSNLLYIRDFNISNDSTGSSVDFFEGYCTFPTRTSVQPGMVKSITLDGSTNTTKVASWNEKERIKVYNIMGINRG
53,T0982,283,Server only,T0982-D1: 11-145,135,TBM-easy,6v04,MPDGYLKLPDDWVRVMVSVPAPVDEVWEAVTDPRRVAQWFGHLSAPMTTGASTRVDFGDGDFFDIEVDHVEPRDRLLFRWSFLGVGPECQVGWTLTGGAEATTLTVDDSCPGRPGSEVAQLKAGWLDFVGRLARYLETGKPSRYDWRQEIDGSVVLPNGSWHPLREETVVDWLPIATNGAGPGWFFVVDEEGPRRFTLRDWQLDRERALTFAVEIPGARTVTACQVRTEPGERGRTLSVSHQGWHRLGLSDLQERTLRHRFAATWTAALSLAEECARTRQELP
54,T0982,283,Server only,T0982-D2: 146-277,132,TBM-hard,6v04,MPDGYLKLPDDWVRVMVSVPAPVDEVWEAVTDPRRVAQWFGHLSAPMTTGASTRVDFGDGDFFDIEVDHVEPRDRLLFRWSFLGVGPECQVGWTLTGGAEATTLTVDDSCPGRPGSEVAQLKAGWLDFVGRLARYLETGKPSRYDWRQEIDGSVVLPNGSWHPLREETVVDWLPIATNGAGPGWFFVVDEEGPRRFTLRDWQLDRERALTFAVEIPGARTVTACQVRTEPGERGRTLSVSHQGWHRLGLSDLQERTLRHRFAATWTAALSLAEECARTRQELP
55,T0983,245,All groups,T0983-D1: 1-236,236,TBM-easy,6uk5,MFGPEHAEVYEAAYRGRGKSWHDEAADVADRIRAARPDAARLLDVGCGTGAHLETFATRFPHVEGLELAPAMLALARHRLPGVRLHAGDMRTFDLGVTFDAVTCLFTAVNFLGTVAEMRAAVAAMSAHLAPGGVLVLEPWWFPERFIDGYVGGDLVREEGRTVARVSRSTRQGRVTRMEERWLVGDAAGIREFSQVGLLTMFTREEYDAAFAAAGCESAYVEGWLTGRGLFVATRTGGHATPTMV
56,T0984,752,All groups,T0984-D0: 39-406;417-563;565-700,651,FM-sp,6nq1,MAEPQAESEPLLGGARGGGGDWPAGLTTYRSIQVGPGAAARWDLCIDQAVVFIEDAIQYRSINHRVDASSMWLYRRYYSNVCQRTLSFTIFLILFLAFIETPSSLTSTADVRYRAAPWEPPCGLTESVEVLCLLVFAADLSVKGYLFGWAHFQKNLWLLGYLVVLVVSLVDWTVSLSLVCHEPLRIRRLLRPFFLLQNSSMMKKTLKCIRWSLPEMASVGLLLAIHLCLFTMFGMLLFAGGKQDDGQDRERLTYFQNLPESLTSLLVLLTTANNPDVMIPAYSKNRAYAIFFIVFTVIGSLFLMNLLTAIIYSQFRGYLMKSLQTSLFRRRLGTRAAFEVLSSMVGEGGAFPQAVGVKPQNLLQVLQKVQLDSSHKQAMMEKVRSYGSVLLSAEEFQKLFNELDRSVVKEHPPRPEYQSPFLQSAQFLFGHYYFDYLGNLIALANLVSICVFLVLDADVLPAERDDFILGILNCVFIVYYLLEMLLKVFALGLRGYLSYPSNVFDGLLTVVLLVLEISTLAVYRLPHPGWRPEMVGLLSLWDMTRMLNMLIVFRFLRIIPSMKLMAVVASTVLGLVQNMRAFGGILVVVYYVFAIIGINLFRGVIVALPGNSSLAPANGSAPCGSFEQLEYWANNFDDFAAALVTLWNLMVVNNWQVFLDAYRRYSGPWSKIYFVLWWLVSSVIWVNLFLALILENFLHKWDPRSHLQPLAGTPEATYQMTVELLFRDILEEPGEDELTERLSQHPHLWLCR
57,T0984,752,All groups,T0984-D1: 39-406;565-700,504,TBM-easy,6nq1,MAEPQAESEPLLGGARGGGGDWPAGLTTYRSIQVGPGAAARWDLCIDQAVVFIEDAIQYRSINHRVDASSMWLYRRYYSNVCQRTLSFTIFLILFLAFIETPSSLTSTADVRYRAAPWEPPCGLTESVEVLCLLVFAADLSVKGYLFGWAHFQKNLWLLGYLVVLVVSLVDWTVSLSLVCHEPLRIRRLLRPFFLLQNSSMMKKTLKCIRWSLPEMASVGLLLAIHLCLFTMFGMLLFAGGKQDDGQDRERLTYFQNLPESLTSLLVLLTTANNPDVMIPAYSKNRAYAIFFIVFTVIGSLFLMNLLTAIIYSQFRGYLMKSLQTSLFRRRLGTRAAFEVLSSMVGEGGAFPQAVGVKPQNLLQVLQKVQLDSSHKQAMMEKVRSYGSVLLSAEEFQKLFNELDRSVVKEHPPRPEYQSPFLQSAQFLFGHYYFDYLGNLIALANLVSICVFLVLDADVLPAERDDFILGILNCVFIVYYLLEMLLKVFALGLRGYLSYPSNVFDGLLTVVLLVLEISTLAVYRLPHPGWRPEMVGLLSLWDMTRMLNMLIVFRFLRIIPSMKLMAVVASTVLGLVQNMRAFGGILVVVYYVFAIIGINLFRGVIVALPGNSSLAPANGSAPCGSFEQLEYWANNFDDFAAALVTLWNLMVVNNWQVFLDAYRRYSGPWSKIYFVLWWLVSSVIWVNLFLALILENFLHKWDPRSHLQPLAGTPEATYQMTVELLFRDILEEPGEDELTERLSQHPHLWLCR
58,T0984,752,All groups,T0984-D2: 417-563,147,TBM-easy,6nq1,MAEPQAESEPLLGGARGGGGDWPAGLTTYRSIQVGPGAAARWDLCIDQAVVFIEDAIQYRSINHRVDASSMWLYRRYYSNVCQRTLSFTIFLILFLAFIETPSSLTSTADVRYRAAPWEPPCGLTESVEVLCLLVFAADLSVKGYLFGWAHFQKNLWLLGYLVVLVVSLVDWTVSLSLVCHEPLRIRRLLRPFFLLQNSSMMKKTLKCIRWSLPEMASVGLLLAIHLCLFTMFGMLLFAGGKQDDGQDRERLTYFQNLPESLTSLLVLLTTANNPDVMIPAYSKNRAYAIFFIVFTVIGSLFLMNLLTAIIYSQFRGYLMKSLQTSLFRRRLGTRAAFEVLSSMVGEGGAFPQAVGVKPQNLLQVLQKVQLDSSHKQAMMEKVRSYGSVLLSAEEFQKLFNELDRSVVKEHPPRPEYQSPFLQSAQFLFGHYYFDYLGNLIALANLVSICVFLVLDADVLPAERDDFILGILNCVFIVYYLLEMLLKVFALGLRGYLSYPSNVFDGLLTVVLLVLEISTLAVYRLPHPGWRPEMVGLLSLWDMTRMLNMLIVFRFLRIIPSMKLMAVVASTVLGLVQNMRAFGGILVVVYYVFAIIGINLFRGVIVALPGNSSLAPANGSAPCGSFEQLEYWANNFDDFAAALVTLWNLMVVNNWQVFLDAYRRYSGPWSKIYFVLWWLVSSVIWVNLFLALILENFLHKWDPRSHLQPLAGTPEATYQMTVELLFRDILEEPGEDELTERLSQHPHLWLCR
59,T0985,863,All groups,T0985-D1: 22-863,842,TBM-hard,-,MAHHHHHHVGTGSNDDDDKSPMKLKQDVISIYQKISLFESGQLNITKLASGAYYLDDELTLITDPVNSGARFPYAVNGMTIWAYASGYISINHSSYYILPPNLEGKEPFLDFFGIEQDGNNTYPVSLLGVSERNDEIENKRYTVFSKNIAYYITVTKNFLYAVTVYISKDFKIYFNTVAHNLTGETKQITLSSFFNMLFKYDSGESIETKWFKKVSYENNMFIYDAPEDIDRHTRIENYGVVKRHLHTKPKNIQNTTSRIDYVGKRYRSVRNALSIRSLKFEKAPLVTNFTDTAINADLINYEVKAYDTIISSYRIETCHDKDTLNKMMASDLTDKEIKKVYEGLSNTQSYDFDNFGISFKGVNDNRVDDKVLNQFLKLVNYQIHFSSLSSNSGTVFLGVRDVMQQLESSLIWDRKNVRSKILEVLSFIDPSGLPPRQYALPPKEGNPRMDLRPFIDQGLWIISTLHTYLAYTEDYDILNEVCGYYERIEPNSAKKSKVENSVLEHLIRVTNYLVSNIDPSTYGLKALYGDWNDALDGLGLIEGSSGYGNGVSVMATLQLYENLERMIEILKLVDPQNEHINTYEVVRHNLSLGINKYAVVIKQDEKRVLHGWGHDRSYFVGSFNDPDGHSRNSLTSNAFYIISDMIKNTPEMKPHLLHAFHNLDSKYGLKTFDPAMQDFHGFGRIINLPPGTAENAATYVHATLFGVLALYMLGEGDFANEQVLKVLPITKKEMSTSPFIMPNSYVHNEELNMDGESMSDWYTGSANTLLKTLIRGLFGLEVKFDHLRLRPSKAFFSKEATLMVSIGNKLTRIVYKNNNNGNRTFKLNGKVIEAKLDTLSGLLYIDINKSILEHQNVIHIQD
60,T0986s1,251,All groups,T0986s1-D1: 5-96,92,FM/TBM,6d7y,IKTVLDTAQAPYKGSTVIGHALSKHAGRHPEIWGKVKGSMSGWNEQAMKHFKEIVRAPGEFRPTMNEKGITFLEKRLIDGRGVRLNLDGTFKGFID
61,T0986s2,251,All groups,T0986s2-D1: 1-155,155,FM,6d7y,MKELFEVIFEGVNTSRLFFLLKEIESKSDRIFDFNFSEDFFSSNVNVFSELLIDSFLGFNGDLYFGVSMEGFSVKDGLKLPVVLLRVLKYEGGVDVGLCFYMNDFNSAGKVMLEFQKYMNGISADFGFENFYGGLEPASDQETRFFTNNRLGPLL
62,T0987,405,All groups,T0987-D1: 11-195,185,FM,6ori,NAQMGEGRLANYSASGNTFQENPGYTKNYNFSDLQFNPKAITGDVLQGNTIDFEVYGKHNIAASTANWEIRLQLDERLAQYVEKIQVDPKKGVGNSRRTFVRINDSLGRPTNIWKVNYIRANDGLFAGAETTDTQTAPNGVITFEKNLDEIFKEIGADNLKSDRLMYRIYLVSHQDDDKIVPGIESTGYFLTDQDDFYNKLDVSENNSDQFKHGSVNTKYEEANIQTKDGSGSTGANGAIILDHKLTKEKNFSYSTSAKGTPWYANYKIDERLVPYVSGIQMHMVQADKVAYNVAFESGKKVADLAIERREGHENYGMGSITDNDLTKLIDFANASPRPIVVRYVLQLTKPLDEILEEMKAADKIEENAPFGEDFIFDSWLSDTNKKLIQNTYGTGYYYLQDIDG
63,T0987,405,All groups,T0987-D2: 196-402,207,FM,6ori,NAQMGEGRLANYSASGNTFQENPGYTKNYNFSDLQFNPKAITGDVLQGNTIDFEVYGKHNIAASTANWEIRLQLDERLAQYVEKIQVDPKKGVGNSRRTFVRINDSLGRPTNIWKVNYIRANDGLFAGAETTDTQTAPNGVITFEKNLDEIFKEIGADNLKSDRLMYRIYLVSHQDDDKIVPGIESTGYFLTDQDDFYNKLDVSENNSDQFKHGSVNTKYEEANIQTKDGSGSTGANGAIILDHKLTKEKNFSYSTSAKGTPWYANYKIDERLVPYVSGIQMHMVQADKVAYNVAFESGKKVADLAIERREGHENYGMGSITDNDLTKLIDFANASPRPIVVRYVLQLTKPLDEILEEMKAADKIEENAPFGEDFIFDSWLSDTNKKLIQNTYGTGYYYLQDIDG
64,T0989,246,All groups,T0989-D1: 1-134,134,FM,-,ALGVNFGGTGGTTEEQARTSLKVYKLDRTNLGEKHLDSITGEGDGPGIYMQSSSALATASRGYPEATAGMLEVLPNGANGASACIQRFTPFTYLGTAPESGNSQNEYARAGRGTFYIRMKNGNNAKFSPWIPFQASSSGNVVSSPASNEKSSWVDYVNALSSQPSSLASYNVNSVGWVTAISVRHRNGQGDGSAFGFVIEDASMTSPHYKDVRLRKQTGAGQWQSTQVIWNTGNTTVDSNGFIKRA
65,T0989,246,All groups,T0989-D2: 135-246,112,FM,-,ALGVNFGGTGGTTEEQARTSLKVYKLDRTNLGEKHLDSITGEGDGPGIYMQSSSALATASRGYPEATAGMLEVLPNGANGASACIQRFTPFTYLGTAPESGNSQNEYARAGRGTFYIRMKNGNNAKFSPWIPFQASSSGNVVSSPASNEKSSWVDYVNALSSQPSSLASYNVNSVGWVTAISVRHRNGQGDGSAFGFVIEDASMTSPHYKDVRLRKQTGAGQWQSTQVIWNTGNTTVDSNGFIKRA
66,T0990,552,All groups,T0990-D1: 1-76,76,FM,6n9y,MERFLRKYNISGDYANATRTFLAISPQWTCSHLKRNCLFNGMCAKQNFERAMIAATDAEEPAKAYRLVELAKEAMYDRETVWLQCFKSFSQPYEEDIEGKMKRCGAQLLEDYRKNGMMDEAVKQSALVNSERVRLDDSLSAMPYIYVPIKEGQIVNPTFISRYRQIAYYFYSPNLADDWIDPNLFGIRGQHNQIKREIERQVNTCPYTGYKGRVLQVMFLPIQLINFLRMDDFAKHFNRYASMAIQQYLRVGYAEEVRYVQQLFGKIPTGEFPLHHMMLMRRDFPTRDRSIVEARVRRSGDENWQSWLLPMIIVREGLDHQDRWEWLIDYMDRKHTCQLCYLKHSKQIPTCGVIDVRASELTGCSPFKTVKIEEHVGNNSVFETKLVRDEQIGRIGDHYYTTNCYTGAEALITTAIHIHRWIRGCGIWNDEGWREGIFMLGRVLLRWELTKAQRSALLRLFCFVCYGYAPRADGTIPDWNNLGSFLDTILKGPELSEDEDERAYATMFEMVRCIITLCYAEKVHFAGFAAPACESGEVINLAARMSQMRMEY
67,T0990,552,All groups,T0990-D2: 77-134;348-520,231,FM,6n9y,MERFLRKYNISGDYANATRTFLAISPQWTCSHLKRNCLFNGMCAKQNFERAMIAATDAEEPAKAYRLVELAKEAMYDRETVWLQCFKSFSQPYEEDIEGKMKRCGAQLLEDYRKNGMMDEAVKQSALVNSERVRLDDSLSAMPYIYVPIKEGQIVNPTFISRYRQIAYYFYSPNLADDWIDPNLFGIRGQHNQIKREIERQVNTCPYTGYKGRVLQVMFLPIQLINFLRMDDFAKHFNRYASMAIQQYLRVGYAEEVRYVQQLFGKIPTGEFPLHHMMLMRRDFPTRDRSIVEARVRRSGDENWQSWLLPMIIVREGLDHQDRWEWLIDYMDRKHTCQLCYLKHSKQIPTCGVIDVRASELTGCSPFKTVKIEEHVGNNSVFETKLVRDEQIGRIGDHYYTTNCYTGAEALITTAIHIHRWIRGCGIWNDEGWREGIFMLGRVLLRWELTKAQRSALLRLFCFVCYGYAPRADGTIPDWNNLGSFLDTILKGPELSEDEDERAYATMFEMVRCIITLCYAEKVHFAGFAAPACESGEVINLAARMSQMRMEY
68,T0990,552,All groups,T0990-D3: 135-347,213,FM,6n9y,MERFLRKYNISGDYANATRTFLAISPQWTCSHLKRNCLFNGMCAKQNFERAMIAATDAEEPAKAYRLVELAKEAMYDRETVWLQCFKSFSQPYEEDIEGKMKRCGAQLLEDYRKNGMMDEAVKQSALVNSERVRLDDSLSAMPYIYVPIKEGQIVNPTFISRYRQIAYYFYSPNLADDWIDPNLFGIRGQHNQIKREIERQVNTCPYTGYKGRVLQVMFLPIQLINFLRMDDFAKHFNRYASMAIQQYLRVGYAEEVRYVQQLFGKIPTGEFPLHHMMLMRRDFPTRDRSIVEARVRRSGDENWQSWLLPMIIVREGLDHQDRWEWLIDYMDRKHTCQLCYLKHSKQIPTCGVIDVRASELTGCSPFKTVKIEEHVGNNSVFETKLVRDEQIGRIGDHYYTTNCYTGAEALITTAIHIHRWIRGCGIWNDEGWREGIFMLGRVLLRWELTKAQRSALLRLFCFVCYGYAPRADGTIPDWNNLGSFLDTILKGPELSEDEDERAYATMFEMVRCIITLCYAEKVHFAGFAAPACESGEVINLAARMSQMRMEY
69,T0991,118,All groups,T0991-D1: 1-59;67-118,111,FM,6yfj,AYKLIKMAGGNSAIQTYAREDKTTQTLSTQKTISVLRNGSTSTRIIKVHINSTAPVTINTCDPTKCGPTVPMGVSFKSSMPEDADPAEVLKAAKAALALFEANLNSAFNKNVDEISVA
70,T0992,126,All groups,T0992-D1: 4-110,107,FM/TBM,-,HGEDKPGPHGGHIQMPGAFHTEITVDKDQSVHVYLLDMNFANPTIKDSSVAVTAKNKKSEIKYTCSVMGNDHYHCIPNGKVPAKTNLIVQATREKAVGNEAVYKLPLPAFKESKKESKKEDHSHHH
71,T0993s1,378,All groups,T0993s1-D1: 5-267,263,TBM-easy,6xbd,MEQSVANLVDMRDVSFTRGNRCIFDNISLTVPRGKITAIMGPSGIGKTTLLRLIGGQIAPDHGEILFDGENIPAMSRSRLYTVRKRMSMLFQSGALFTDMNVFDNVAYPLREHTQLPAPLLHSTVMMKLEAVGLRGAAKLMPSELSGGMARRAALARAIALEPDLIMFDEPFVGQDPITMGVLVKLISELNSALGVTCVVVSHDVPEVLSIADHAWILADKKIVAHGSAQALQANPDPRVRQFLDGIADGPVPFRYPAGDYHADLLPGS
72,T0993s2,378,All groups,T0993s2-D1: 12-109,98,TBM-easy,6xbd,MHHHHHHENLYFQSESLSWMQTGDTLALSGELDQDVLLPLWEMREEAVKGITCIDLSRVSRVDTGGLALLLHLIDLAKKQGNNVTLQGVNDKVYTLAKLYNLPADVLPR
73,T0995,330,All groups,T0995-D1: 3-296,294,TBM-easy,-,MTSIYPKFRAAAVQAAPIYLNLEASVEKSCELIDEAASNGAKLVAFPEAFLPGYPWFAFIGHPEYTRKFYHELYKNAVEIPSLAIQKISEAAKRNETYVCISCSEKDGGSLYLAQLWFNPNGDLIGKHRKMRASVAERLIWGDGSGSMMPVFQTEIGNLGGLMCWEHQVPLDLMAMNAQNEQVHVASWPGYFDDEISSRYYAIATQTFVLMTSSIYTEEMKEMICLTQEQRDYFETFKSGHTCIYGPDGEPISDMVPAETEGIAYAEIDVERVIDYKYYIDPAGHYSNQSLSMNFNQQPTPVVKHLNHQKNEVFTYEDIQYQHGILEEKV
74,T0996,848,All groups,T0996-D1: 17-123,107,TBM-easy,6v0e,MHHHHHHENLYFQQDRGNTVTIDFMSADGIVPGRTPVRYQGVEVGTVQDISLSDDLRKIEVKVSIKSDMKDALREETQFWLVTPKASLAGVSGLDALVGGNYIGMMPGKGKEQDHFVALDTQPKYRLDNGDLMIHLQAPDLGSLNSGSLVYFRKIPVGKVYDYAINPNKQGVVIDVLIERRFTDLVKKGSRFWNVSGVDANVSISGAKVKLESLAALVNGAIAFDSPEESKPAEAEDTFGLYEDLAHSQRGVIIKLELPSGAGLTADSTPLMYQGLEVGQLTKLDLNPGGKVTGEMTVDPSVVTLLRENTRIELRNPKLSLSDANLSALLTGKTFELVPGDGEPRKEFVVVPGEKALLHEPDVLTLTLTAPESYGIDAGQPLILHGVQVGQVIDRKLTSKGVTFTVAIEPQHRELVKGDSKFVVNSRVDVKVGLDGVEFLGASASEWINGGIRILPGDKGEMKASYPLYANLEKALENSLSDLPTTTVSLSAETLPDVQAGSVVLYRKFEVGEVITVRPRANAFDIDLHIKPEYRNLLTSNSVFWAEGGAKVQLNGSGLTVQASPLSRALKGAISFDNLSGASASQRKGDKRILYASETAARAVGGQITLHAFDAGKLAVGMPIRYLGIDIGQIQTLDLITARNEVQAKAVLYPEYVQTFARGGTRFSVVTPQISAAGVEHLDTILQPYINVEPGRGNPRRDFELQEATITDSRYLDGLSIIVEAPEAGSLGIGTPVLFRGLEVGTVTGMTLGTLSDRVMIAMRISKRYQHLVRNNSVFWLASGYSLDFGLTGGVVKTGTFNQFIRGGIAFATPPGTPLAPKAQEGKHFLLQESEPKEWREWGTALPK
75,T0996,848,All groups,T0996-D2: 124-250,127,TBM-easy,6v0e,MHHHHHHENLYFQQDRGNTVTIDFMSADGIVPGRTPVRYQGVEVGTVQDISLSDDLRKIEVKVSIKSDMKDALREETQFWLVTPKASLAGVSGLDALVGGNYIGMMPGKGKEQDHFVALDTQPKYRLDNGDLMIHLQAPDLGSLNSGSLVYFRKIPVGKVYDYAINPNKQGVVIDVLIERRFTDLVKKGSRFWNVSGVDANVSISGAKVKLESLAALVNGAIAFDSPEESKPAEAEDTFGLYEDLAHSQRGVIIKLELPSGAGLTADSTPLMYQGLEVGQLTKLDLNPGGKVTGEMTVDPSVVTLLRENTRIELRNPKLSLSDANLSALLTGKTFELVPGDGEPRKEFVVVPGEKALLHEPDVLTLTLTAPESYGIDAGQPLILHGVQVGQVIDRKLTSKGVTFTVAIEPQHRELVKGDSKFVVNSRVDVKVGLDGVEFLGASASEWINGGIRILPGDKGEMKASYPLYANLEKALENSLSDLPTTTVSLSAETLPDVQAGSVVLYRKFEVGEVITVRPRANAFDIDLHIKPEYRNLLTSNSVFWAEGGAKVQLNGSGLTVQASPLSRALKGAISFDNLSGASASQRKGDKRILYASETAARAVGGQITLHAFDAGKLAVGMPIRYLGIDIGQIQTLDLITARNEVQAKAVLYPEYVQTFARGGTRFSVVTPQISAAGVEHLDTILQPYINVEPGRGNPRRDFELQEATITDSRYLDGLSIIVEAPEAGSLGIGTPVLFRGLEVGTVTGMTLGTLSDRVMIAMRISKRYQHLVRNNSVFWLASGYSLDFGLTGGVVKTGTFNQFIRGGIAFATPPGTPLAPKAQEGKHFLLQESEPKEWREWGTALPK
76,T0996,848,All groups,T0996-D3: 251-350,100,TBM-easy,6v0e,MHHHHHHENLYFQQDRGNTVTIDFMSADGIVPGRTPVRYQGVEVGTVQDISLSDDLRKIEVKVSIKSDMKDALREETQFWLVTPKASLAGVSGLDALVGGNYIGMMPGKGKEQDHFVALDTQPKYRLDNGDLMIHLQAPDLGSLNSGSLVYFRKIPVGKVYDYAINPNKQGVVIDVLIERRFTDLVKKGSRFWNVSGVDANVSISGAKVKLESLAALVNGAIAFDSPEESKPAEAEDTFGLYEDLAHSQRGVIIKLELPSGAGLTADSTPLMYQGLEVGQLTKLDLNPGGKVTGEMTVDPSVVTLLRENTRIELRNPKLSLSDANLSALLTGKTFELVPGDGEPRKEFVVVPGEKALLHEPDVLTLTLTAPESYGIDAGQPLILHGVQVGQVIDRKLTSKGVTFTVAIEPQHRELVKGDSKFVVNSRVDVKVGLDGVEFLGASASEWINGGIRILPGDKGEMKASYPLYANLEKALENSLSDLPTTTVSLSAETLPDVQAGSVVLYRKFEVGEVITVRPRANAFDIDLHIKPEYRNLLTSNSVFWAEGGAKVQLNGSGLTVQASPLSRALKGAISFDNLSGASASQRKGDKRILYASETAARAVGGQITLHAFDAGKLAVGMPIRYLGIDIGQIQTLDLITARNEVQAKAVLYPEYVQTFARGGTRFSVVTPQISAAGVEHLDTILQPYINVEPGRGNPRRDFELQEATITDSRYLDGLSIIVEAPEAGSLGIGTPVLFRGLEVGTVTGMTLGTLSDRVMIAMRISKRYQHLVRNNSVFWLASGYSLDFGLTGGVVKTGTFNQFIRGGIAFATPPGTPLAPKAQEGKHFLLQESEPKEWREWGTALPK
77,T0996,848,All groups,T0996-D4: 351-483,133,TBM-easy,6v0e,MHHHHHHENLYFQQDRGNTVTIDFMSADGIVPGRTPVRYQGVEVGTVQDISLSDDLRKIEVKVSIKSDMKDALREETQFWLVTPKASLAGVSGLDALVGGNYIGMMPGKGKEQDHFVALDTQPKYRLDNGDLMIHLQAPDLGSLNSGSLVYFRKIPVGKVYDYAINPNKQGVVIDVLIERRFTDLVKKGSRFWNVSGVDANVSISGAKVKLESLAALVNGAIAFDSPEESKPAEAEDTFGLYEDLAHSQRGVIIKLELPSGAGLTADSTPLMYQGLEVGQLTKLDLNPGGKVTGEMTVDPSVVTLLRENTRIELRNPKLSLSDANLSALLTGKTFELVPGDGEPRKEFVVVPGEKALLHEPDVLTLTLTAPESYGIDAGQPLILHGVQVGQVIDRKLTSKGVTFTVAIEPQHRELVKGDSKFVVNSRVDVKVGLDGVEFLGASASEWINGGIRILPGDKGEMKASYPLYANLEKALENSLSDLPTTTVSLSAETLPDVQAGSVVLYRKFEVGEVITVRPRANAFDIDLHIKPEYRNLLTSNSVFWAEGGAKVQLNGSGLTVQASPLSRALKGAISFDNLSGASASQRKGDKRILYASETAARAVGGQITLHAFDAGKLAVGMPIRYLGIDIGQIQTLDLITARNEVQAKAVLYPEYVQTFARGGTRFSVVTPQISAAGVEHLDTILQPYINVEPGRGNPRRDFELQEATITDSRYLDGLSIIVEAPEAGSLGIGTPVLFRGLEVGTVTGMTLGTLSDRVMIAMRISKRYQHLVRNNSVFWLASGYSLDFGLTGGVVKTGTFNQFIRGGIAFATPPGTPLAPKAQEGKHFLLQESEPKEWREWGTALPK
78,T0996,848,All groups,T0996-D5: 484-604,121,TBM-easy,6v0e,MHHHHHHENLYFQQDRGNTVTIDFMSADGIVPGRTPVRYQGVEVGTVQDISLSDDLRKIEVKVSIKSDMKDALREETQFWLVTPKASLAGVSGLDALVGGNYIGMMPGKGKEQDHFVALDTQPKYRLDNGDLMIHLQAPDLGSLNSGSLVYFRKIPVGKVYDYAINPNKQGVVIDVLIERRFTDLVKKGSRFWNVSGVDANVSISGAKVKLESLAALVNGAIAFDSPEESKPAEAEDTFGLYEDLAHSQRGVIIKLELPSGAGLTADSTPLMYQGLEVGQLTKLDLNPGGKVTGEMTVDPSVVTLLRENTRIELRNPKLSLSDANLSALLTGKTFELVPGDGEPRKEFVVVPGEKALLHEPDVLTLTLTAPESYGIDAGQPLILHGVQVGQVIDRKLTSKGVTFTVAIEPQHRELVKGDSKFVVNSRVDVKVGLDGVEFLGASASEWINGGIRILPGDKGEMKASYPLYANLEKALENSLSDLPTTTVSLSAETLPDVQAGSVVLYRKFEVGEVITVRPRANAFDIDLHIKPEYRNLLTSNSVFWAEGGAKVQLNGSGLTVQASPLSRALKGAISFDNLSGASASQRKGDKRILYASETAARAVGGQITLHAFDAGKLAVGMPIRYLGIDIGQIQTLDLITARNEVQAKAVLYPEYVQTFARGGTRFSVVTPQISAAGVEHLDTILQPYINVEPGRGNPRRDFELQEATITDSRYLDGLSIIVEAPEAGSLGIGTPVLFRGLEVGTVTGMTLGTLSDRVMIAMRISKRYQHLVRNNSVFWLASGYSLDFGLTGGVVKTGTFNQFIRGGIAFATPPGTPLAPKAQEGKHFLLQESEPKEWREWGTALPK
79,T0996,848,All groups,T0996-D6: 605-708,104,TBM-easy,6v0e,MHHHHHHENLYFQQDRGNTVTIDFMSADGIVPGRTPVRYQGVEVGTVQDISLSDDLRKIEVKVSIKSDMKDALREETQFWLVTPKASLAGVSGLDALVGGNYIGMMPGKGKEQDHFVALDTQPKYRLDNGDLMIHLQAPDLGSLNSGSLVYFRKIPVGKVYDYAINPNKQGVVIDVLIERRFTDLVKKGSRFWNVSGVDANVSISGAKVKLESLAALVNGAIAFDSPEESKPAEAEDTFGLYEDLAHSQRGVIIKLELPSGAGLTADSTPLMYQGLEVGQLTKLDLNPGGKVTGEMTVDPSVVTLLRENTRIELRNPKLSLSDANLSALLTGKTFELVPGDGEPRKEFVVVPGEKALLHEPDVLTLTLTAPESYGIDAGQPLILHGVQVGQVIDRKLTSKGVTFTVAIEPQHRELVKGDSKFVVNSRVDVKVGLDGVEFLGASASEWINGGIRILPGDKGEMKASYPLYANLEKALENSLSDLPTTTVSLSAETLPDVQAGSVVLYRKFEVGEVITVRPRANAFDIDLHIKPEYRNLLTSNSVFWAEGGAKVQLNGSGLTVQASPLSRALKGAISFDNLSGASASQRKGDKRILYASETAARAVGGQITLHAFDAGKLAVGMPIRYLGIDIGQIQTLDLITARNEVQAKAVLYPEYVQTFARGGTRFSVVTPQISAAGVEHLDTILQPYINVEPGRGNPRRDFELQEATITDSRYLDGLSIIVEAPEAGSLGIGTPVLFRGLEVGTVTGMTLGTLSDRVMIAMRISKRYQHLVRNNSVFWLASGYSLDFGLTGGVVKTGTFNQFIRGGIAFATPPGTPLAPKAQEGKHFLLQESEPKEWREWGTALPK
80,T0996,848,All groups,T0996-D7: 709-848,140,TBM-easy,6v0e,MHHHHHHENLYFQQDRGNTVTIDFMSADGIVPGRTPVRYQGVEVGTVQDISLSDDLRKIEVKVSIKSDMKDALREETQFWLVTPKASLAGVSGLDALVGGNYIGMMPGKGKEQDHFVALDTQPKYRLDNGDLMIHLQAPDLGSLNSGSLVYFRKIPVGKVYDYAINPNKQGVVIDVLIERRFTDLVKKGSRFWNVSGVDANVSISGAKVKLESLAALVNGAIAFDSPEESKPAEAEDTFGLYEDLAHSQRGVIIKLELPSGAGLTADSTPLMYQGLEVGQLTKLDLNPGGKVTGEMTVDPSVVTLLRENTRIELRNPKLSLSDANLSALLTGKTFELVPGDGEPRKEFVVVPGEKALLHEPDVLTLTLTAPESYGIDAGQPLILHGVQVGQVIDRKLTSKGVTFTVAIEPQHRELVKGDSKFVVNSRVDVKVGLDGVEFLGASASEWINGGIRILPGDKGEMKASYPLYANLEKALENSLSDLPTTTVSLSAETLPDVQAGSVVLYRKFEVGEVITVRPRANAFDIDLHIKPEYRNLLTSNSVFWAEGGAKVQLNGSGLTVQASPLSRALKGAISFDNLSGASASQRKGDKRILYASETAARAVGGQITLHAFDAGKLAVGMPIRYLGIDIGQIQTLDLITARNEVQAKAVLYPEYVQTFARGGTRFSVVTPQISAAGVEHLDTILQPYINVEPGRGNPRRDFELQEATITDSRYLDGLSIIVEAPEAGSLGIGTPVLFRGLEVGTVTGMTLGTLSDRVMIAMRISKRYQHLVRNNSVFWLASGYSLDFGLTGGVVKTGTFNQFIRGGIAFATPPGTPLAPKAQEGKHFLLQESEPKEWREWGTALPK
81,T0997,228,All groups,T0997-D1: 44-228,185,FM/TBM,-,AGQDYSSAEVLPDDTEMEQTIPETNTADKTTAEETEPAALEDTTTLMESAAVLKNYDHLDPKRMINSKALAEAVLYFDKNQSRIKNKKYMSLIDFGKRSTQARFFIINMSTGEVTAIHTAHGKGSDANHDGYAEKFSNNSGSNASSLGYYLAAETYYGKHGLSLKLDGLSSTNSKARARAVVIHGASYVKESSVIQGRSWGCPAVANHLRDKVIGMLKGGSLIYAFAK
82,T0998,166,All groups,T0998-D1: 1-166,166,FM,6yfb,SYTQSFGYTIPTEKDTLEIPQYQALLAKKASYMDDSQGKNTATYMNTAAPKDQPETITFGVNKVDNVYKQSNVQNQTFYASSSKGTKIRIDGKRIWRTQSTDVNTGLPVIVDCPLWTSFTLGFADFTLVDDSARKSTIEWMISQLELLKDDGVWSKLCSGVTRIYG
83,T0999,3178,All groups,T0999-D1: 15-400,386,not evaluated,6hqv,MATANVAGAGGSGSEPTRIAILGKEDIIVDHGIWLNFVAHDLLQTLPSSTYVLITDTNLY TTYVPPFQAVFEAAAPRDVRLLTYAIPPGEYSKSRETKAEIEDWMLSHACTRDTVIIALG GGVIGDMIGYVAATFMRGVRFVQVPTTLLAMVDSSIGGKTAIDTPMGKNLIGAFWQPRRI YIDLAFLETLPVREFINGMAEVIKTAAIWNETEFTALEENAAAILEAVRSKASSPAARLA PIRHILKRIVLGSARVKAEVVSADEREGGLRNLLNFGHSIGHAYEAILAPQVLHGECVAI GMVKEAELARYLGVLRPSAVARLTKLIASYDLPTSVHDKRIAKLSAGKECPVDVLLQKMA VDKKNEGRKKKIVLLSAIGKTYEKKATVVDDRAIRLVLSPSVRVTPGVPKGLSVTVTPPG SKSISNRALVLAALGEGTTRIHGLLHSDDVQYMLAAIEQLHGADFSWEDAGEILVVTGKG GKLQASKEPLYLGNAGTASRFLTSVVALCAPSAVSSTVLTGNARMKVRPIGALVDALRAN GVGVKYLEKEKSLPVEVDAAGGFAGGVIELAATVSSQYVSSILMAAPYAHQPVTLRLVGG KPISQPYIDMTIAMMASFGIKVERSAEDPNTYLIPKGVYKNPPEYVVESDASSATYPLAV AAITGTTCTIPNIGSESLQGDARFAVEVLRPMGCAVEQTATSTTVTGPPIGTLKAIPHVD MEPMTDAFLTAAVLAAVADGTTQITGIANQRVKECNRIAAMKDQLAKFGVQCNELEDGIE VIGKPYQELRNPVEGIYCYDDHRVAMSHSVLSTISPHPVLILERECTAKTWPGWWDILSQ FFKVQLDGEEDPTKRTTQSTQQVRKGTDRSIFIVGMRGAGKSTAGRWMSELLKRPLVDLD AELERREGMTIPEIIRGERGWEGFRQAELELLQDVIKNQSKGYIFSCGGGIVETEAARKL LIDYHKNGGPVLLVHRDTDQVVEYLMRDKTRPAYSENIREVYERRKPWFYECSNLQYHSP HEDGSEALLQPPADFARFVKLIAGQSTHLEDVRAKKHSFFVSLTVPNVADALDIIPRVVV GSDAVELRVDLLESYEPEFVARQVALLRAAAQVPIVYTVRTQSQGGKFPDEDYDLALRLY QTGLRSGVEYLDLEMTMPDHILQAVTDAKGFTSIIASHHDPQCKLSWKSGSWIPFYNKAL QYGDVIKLVGVAREMADNFALTNFKAKMLAAHDNKPMIALNMGTAGKLSRVLNGFLTPVS HPALPSKAAPGQLSATEIRQALSLIGEIEPKSFYLFGKPISASRSPALHNTLFYKTGLPH HYSRFETDEASKALESLIRSPDFGGASVTIPLKLDIMPLLDSATDAARTIGAVNTIIPQT RDGSTTTLVGDNTDWRGMVHALLHSSGSGSVVQRTAAPRGAAMVVGSGGTARAAIYALHD LGFAPIWIVARSEERVAELVRGFDGYDLRRMTSPHQGKDNMPSVVISTIPATQPIDPSMR EVIVEVLKHGHPSAEGKVLLEMAYQPPRTPLMTLAEDQGWRTVGGLEVLAAQGWYQFQLW TGITPLYEEARAAVMGEDSVELEHHHHHH
84,T0999,3178,All groups,T0999-D2: 401-853,453,TBM-hard,6hqv,MATANVAGAGGSGSEPTRIAILGKEDIIVDHGIWLNFVAHDLLQTLPSSTYVLITDTNLY TTYVPPFQAVFEAAAPRDVRLLTYAIPPGEYSKSRETKAEIEDWMLSHACTRDTVIIALG GGVIGDMIGYVAATFMRGVRFVQVPTTLLAMVDSSIGGKTAIDTPMGKNLIGAFWQPRRI YIDLAFLETLPVREFINGMAEVIKTAAIWNETEFTALEENAAAILEAVRSKASSPAARLA PIRHILKRIVLGSARVKAEVVSADEREGGLRNLLNFGHSIGHAYEAILAPQVLHGECVAI GMVKEAELARYLGVLRPSAVARLTKLIASYDLPTSVHDKRIAKLSAGKECPVDVLLQKMA VDKKNEGRKKKIVLLSAIGKTYEKKATVVDDRAIRLVLSPSVRVTPGVPKGLSVTVTPPG SKSISNRALVLAALGEGTTRIHGLLHSDDVQYMLAAIEQLHGADFSWEDAGEILVVTGKG GKLQASKEPLYLGNAGTASRFLTSVVALCAPSAVSSTVLTGNARMKVRPIGALVDALRAN GVGVKYLEKEKSLPVEVDAAGGFAGGVIELAATVSSQYVSSILMAAPYAHQPVTLRLVGG KPISQPYIDMTIAMMASFGIKVERSAEDPNTYLIPKGVYKNPPEYVVESDASSATYPLAV AAITGTTCTIPNIGSESLQGDARFAVEVLRPMGCAVEQTATSTTVTGPPIGTLKAIPHVD MEPMTDAFLTAAVLAAVADGTTQITGIANQRVKECNRIAAMKDQLAKFGVQCNELEDGIE VIGKPYQELRNPVEGIYCYDDHRVAMSHSVLSTISPHPVLILERECTAKTWPGWWDILSQ FFKVQLDGEEDPTKRTTQSTQQVRKGTDRSIFIVGMRGAGKSTAGRWMSELLKRPLVDLD AELERREGMTIPEIIRGERGWEGFRQAELELLQDVIKNQSKGYIFSCGGGIVETEAARKL LIDYHKNGGPVLLVHRDTDQVVEYLMRDKTRPAYSENIREVYERRKPWFYECSNLQYHSP HEDGSEALLQPPADFARFVKLIAGQSTHLEDVRAKKHSFFVSLTVPNVADALDIIPRVVV GSDAVELRVDLLESYEPEFVARQVALLRAAAQVPIVYTVRTQSQGGKFPDEDYDLALRLY QTGLRSGVEYLDLEMTMPDHILQAVTDAKGFTSIIASHHDPQCKLSWKSGSWIPFYNKAL QYGDVIKLVGVAREMADNFALTNFKAKMLAAHDNKPMIALNMGTAGKLSRVLNGFLTPVS HPALPSKAAPGQLSATEIRQALSLIGEIEPKSFYLFGKPISASRSPALHNTLFYKTGLPH HYSRFETDEASKALESLIRSPDFGGASVTIPLKLDIMPLLDSATDAARTIGAVNTIIPQT RDGSTTTLVGDNTDWRGMVHALLHSSGSGSVVQRTAAPRGAAMVVGSGGTARAAIYALHD LGFAPIWIVARSEERVAELVRGFDGYDLRRMTSPHQGKDNMPSVVISTIPATQPIDPSMR EVIVEVLKHGHPSAEGKVLLEMAYQPPRTPLMTLAEDQGWRTVGGLEVLAAQGWYQFQLW TGITPLYEEARAAVMGEDSVELEHHHHHH
85,T0999,3178,All groups,T0999-D3: 866-1045,180,TBM-easy,6hqv,MATANVAGAGGSGSEPTRIAILGKEDIIVDHGIWLNFVAHDLLQTLPSSTYVLITDTNLY TTYVPPFQAVFEAAAPRDVRLLTYAIPPGEYSKSRETKAEIEDWMLSHACTRDTVIIALG GGVIGDMIGYVAATFMRGVRFVQVPTTLLAMVDSSIGGKTAIDTPMGKNLIGAFWQPRRI YIDLAFLETLPVREFINGMAEVIKTAAIWNETEFTALEENAAAILEAVRSKASSPAARLA PIRHILKRIVLGSARVKAEVVSADEREGGLRNLLNFGHSIGHAYEAILAPQVLHGECVAI GMVKEAELARYLGVLRPSAVARLTKLIASYDLPTSVHDKRIAKLSAGKECPVDVLLQKMA VDKKNEGRKKKIVLLSAIGKTYEKKATVVDDRAIRLVLSPSVRVTPGVPKGLSVTVTPPG SKSISNRALVLAALGEGTTRIHGLLHSDDVQYMLAAIEQLHGADFSWEDAGEILVVTGKG GKLQASKEPLYLGNAGTASRFLTSVVALCAPSAVSSTVLTGNARMKVRPIGALVDALRAN GVGVKYLEKEKSLPVEVDAAGGFAGGVIELAATVSSQYVSSILMAAPYAHQPVTLRLVGG KPISQPYIDMTIAMMASFGIKVERSAEDPNTYLIPKGVYKNPPEYVVESDASSATYPLAV AAITGTTCTIPNIGSESLQGDARFAVEVLRPMGCAVEQTATSTTVTGPPIGTLKAIPHVD MEPMTDAFLTAAVLAAVADGTTQITGIANQRVKECNRIAAMKDQLAKFGVQCNELEDGIE VIGKPYQELRNPVEGIYCYDDHRVAMSHSVLSTISPHPVLILERECTAKTWPGWWDILSQ FFKVQLDGEEDPTKRTTQSTQQVRKGTDRSIFIVGMRGAGKSTAGRWMSELLKRPLVDLD AELERREGMTIPEIIRGERGWEGFRQAELELLQDVIKNQSKGYIFSCGGGIVETEAARKL LIDYHKNGGPVLLVHRDTDQVVEYLMRDKTRPAYSENIREVYERRKPWFYECSNLQYHSP HEDGSEALLQPPADFARFVKLIAGQSTHLEDVRAKKHSFFVSLTVPNVADALDIIPRVVV GSDAVELRVDLLESYEPEFVARQVALLRAAAQVPIVYTVRTQSQGGKFPDEDYDLALRLY QTGLRSGVEYLDLEMTMPDHILQAVTDAKGFTSIIASHHDPQCKLSWKSGSWIPFYNKAL QYGDVIKLVGVAREMADNFALTNFKAKMLAAHDNKPMIALNMGTAGKLSRVLNGFLTPVS HPALPSKAAPGQLSATEIRQALSLIGEIEPKSFYLFGKPISASRSPALHNTLFYKTGLPH HYSRFETDEASKALESLIRSPDFGGASVTIPLKLDIMPLLDSATDAARTIGAVNTIIPQT RDGSTTTLVGDNTDWRGMVHALLHSSGSGSVVQRTAAPRGAAMVVGSGGTARAAIYALHD LGFAPIWIVARSEERVAELVRGFDGYDLRRMTSPHQGKDNMPSVVISTIPATQPIDPSMR EVIVEVLKHGHPSAEGKVLLEMAYQPPRTPLMTLAEDQGWRTVGGLEVLAAQGWYQFQLW TGITPLYEEARAAVMGEDSVELEHHHHHH
86,T0999,3178,All groups,T0999-D4: 1046-1289,244,TBM-easy,6hqv,MATANVAGAGGSGSEPTRIAILGKEDIIVDHGIWLNFVAHDLLQTLPSSTYVLITDTNLY TTYVPPFQAVFEAAAPRDVRLLTYAIPPGEYSKSRETKAEIEDWMLSHACTRDTVIIALG GGVIGDMIGYVAATFMRGVRFVQVPTTLLAMVDSSIGGKTAIDTPMGKNLIGAFWQPRRI YIDLAFLETLPVREFINGMAEVIKTAAIWNETEFTALEENAAAILEAVRSKASSPAARLA PIRHILKRIVLGSARVKAEVVSADEREGGLRNLLNFGHSIGHAYEAILAPQVLHGECVAI GMVKEAELARYLGVLRPSAVARLTKLIASYDLPTSVHDKRIAKLSAGKECPVDVLLQKMA VDKKNEGRKKKIVLLSAIGKTYEKKATVVDDRAIRLVLSPSVRVTPGVPKGLSVTVTPPG SKSISNRALVLAALGEGTTRIHGLLHSDDVQYMLAAIEQLHGADFSWEDAGEILVVTGKG GKLQASKEPLYLGNAGTASRFLTSVVALCAPSAVSSTVLTGNARMKVRPIGALVDALRAN GVGVKYLEKEKSLPVEVDAAGGFAGGVIELAATVSSQYVSSILMAAPYAHQPVTLRLVGG KPISQPYIDMTIAMMASFGIKVERSAEDPNTYLIPKGVYKNPPEYVVESDASSATYPLAV AAITGTTCTIPNIGSESLQGDARFAVEVLRPMGCAVEQTATSTTVTGPPIGTLKAIPHVD MEPMTDAFLTAAVLAAVADGTTQITGIANQRVKECNRIAAMKDQLAKFGVQCNELEDGIE VIGKPYQELRNPVEGIYCYDDHRVAMSHSVLSTISPHPVLILERECTAKTWPGWWDILSQ FFKVQLDGEEDPTKRTTQSTQQVRKGTDRSIFIVGMRGAGKSTAGRWMSELLKRPLVDLD AELERREGMTIPEIIRGERGWEGFRQAELELLQDVIKNQSKGYIFSCGGGIVETEAARKL LIDYHKNGGPVLLVHRDTDQVVEYLMRDKTRPAYSENIREVYERRKPWFYECSNLQYHSP HEDGSEALLQPPADFARFVKLIAGQSTHLEDVRAKKHSFFVSLTVPNVADALDIIPRVVV GSDAVELRVDLLESYEPEFVARQVALLRAAAQVPIVYTVRTQSQGGKFPDEDYDLALRLY QTGLRSGVEYLDLEMTMPDHILQAVTDAKGFTSIIASHHDPQCKLSWKSGSWIPFYNKAL QYGDVIKLVGVAREMADNFALTNFKAKMLAAHDNKPMIALNMGTAGKLSRVLNGFLTPVS HPALPSKAAPGQLSATEIRQALSLIGEIEPKSFYLFGKPISASRSPALHNTLFYKTGLPH HYSRFETDEASKALESLIRSPDFGGASVTIPLKLDIMPLLDSATDAARTIGAVNTIIPQT RDGSTTTLVGDNTDWRGMVHALLHSSGSGSVVQRTAAPRGAAMVVGSGGTARAAIYALHD LGFAPIWIVARSEERVAELVRGFDGYDLRRMTSPHQGKDNMPSVVISTIPATQPIDPSMR EVIVEVLKHGHPSAEGKVLLEMAYQPPRTPLMTLAEDQGWRTVGGLEVLAAQGWYQFQLW TGITPLYEEARAAVMGEDSVELEHHHHHH
87,T0999,3178,All groups,T0999-D5: 1290-1577,288,TBM-easy,6hqv,MATANVAGAGGSGSEPTRIAILGKEDIIVDHGIWLNFVAHDLLQTLPSSTYVLITDTNLY TTYVPPFQAVFEAAAPRDVRLLTYAIPPGEYSKSRETKAEIEDWMLSHACTRDTVIIALG GGVIGDMIGYVAATFMRGVRFVQVPTTLLAMVDSSIGGKTAIDTPMGKNLIGAFWQPRRI YIDLAFLETLPVREFINGMAEVIKTAAIWNETEFTALEENAAAILEAVRSKASSPAARLA PIRHILKRIVLGSARVKAEVVSADEREGGLRNLLNFGHSIGHAYEAILAPQVLHGECVAI GMVKEAELARYLGVLRPSAVARLTKLIASYDLPTSVHDKRIAKLSAGKECPVDVLLQKMA VDKKNEGRKKKIVLLSAIGKTYEKKATVVDDRAIRLVLSPSVRVTPGVPKGLSVTVTPPG SKSISNRALVLAALGEGTTRIHGLLHSDDVQYMLAAIEQLHGADFSWEDAGEILVVTGKG GKLQASKEPLYLGNAGTASRFLTSVVALCAPSAVSSTVLTGNARMKVRPIGALVDALRAN GVGVKYLEKEKSLPVEVDAAGGFAGGVIELAATVSSQYVSSILMAAPYAHQPVTLRLVGG KPISQPYIDMTIAMMASFGIKVERSAEDPNTYLIPKGVYKNPPEYVVESDASSATYPLAV AAITGTTCTIPNIGSESLQGDARFAVEVLRPMGCAVEQTATSTTVTGPPIGTLKAIPHVD MEPMTDAFLTAAVLAAVADGTTQITGIANQRVKECNRIAAMKDQLAKFGVQCNELEDGIE VIGKPYQELRNPVEGIYCYDDHRVAMSHSVLSTISPHPVLILERECTAKTWPGWWDILSQ FFKVQLDGEEDPTKRTTQSTQQVRKGTDRSIFIVGMRGAGKSTAGRWMSELLKRPLVDLD AELERREGMTIPEIIRGERGWEGFRQAELELLQDVIKNQSKGYIFSCGGGIVETEAARKL LIDYHKNGGPVLLVHRDTDQVVEYLMRDKTRPAYSENIREVYERRKPWFYECSNLQYHSP HEDGSEALLQPPADFARFVKLIAGQSTHLEDVRAKKHSFFVSLTVPNVADALDIIPRVVV GSDAVELRVDLLESYEPEFVARQVALLRAAAQVPIVYTVRTQSQGGKFPDEDYDLALRLY QTGLRSGVEYLDLEMTMPDHILQAVTDAKGFTSIIASHHDPQCKLSWKSGSWIPFYNKAL QYGDVIKLVGVAREMADNFALTNFKAKMLAAHDNKPMIALNMGTAGKLSRVLNGFLTPVS HPALPSKAAPGQLSATEIRQALSLIGEIEPKSFYLFGKPISASRSPALHNTLFYKTGLPH HYSRFETDEASKALESLIRSPDFGGASVTIPLKLDIMPLLDSATDAARTIGAVNTIIPQT RDGSTTTLVGDNTDWRGMVHALLHSSGSGSVVQRTAAPRGAAMVVGSGGTARAAIYALHD LGFAPIWIVARSEERVAELVRGFDGYDLRRMTSPHQGKDNMPSVVISTIPATQPIDPSMR EVIVEVLKHGHPSAEGKVLLEMAYQPPRTPLMTLAEDQGWRTVGGLEVLAAQGWYQFQLW TGITPLYEEARAAVMGEDSVELEHHHHHH
88,T1000,523,All groups,T1000-D0: 10-523,514,FM-sp,6u7l,MANIEIRQETPTAFYIKVHDTDNVAIIVNDNGLKAGTRFPDGLELIEHIPQGHKVALLDIPANGEIIRYGEVIGYAVRAIPRGSWIDESMVVLPEAPPLHTLPLATKVPEPLPPLEGYTFEGYRNADGSVGTKNLLGITTSVHCVAGVVDYVVKIIERDLLPKYPNVDGVVGLNHLYGCGVAINAPAAVVPIRTIHNISLNPNFGGEVMVIGLGCEKLQPERLLTGTDDVQAIPVESASIVSLQDEKHVGFQSMVEDILQIAERHLQKLNQRQRETCPASELVVGMQCGGSDAFSGVTANPAVGYASDLLVRCGATVMFSEVTEVRDAIHLLTPRAVNEEVGKRLLEEMEWYDNYLNMGKTDRSANPSPGNKKGGLANVVEKALGSIAKSGKSAIVEVLSPGQRPTKRGLIYAATPASDFVCGTQQVASGITVQVFTTGRGTPYGLMAVPVIKMATRTELANRWFDLMDINAGTIATGEETIEEVGWKLFHFILDVASGKKKTFSDQWGLHNQLAVFNPAPVT
89,T1000,523,All groups,T1000-D1: 10-92,83,not evaluated,6u7l,MANIEIRQETPTAFYIKVHDTDNVAIIVNDNGLKAGTRFPDGLELIEHIPQGHKVALLDIPANGEIIRYGEVIGYAVRAIPRGSWIDESMVVLPEAPPLHTLPLATKVPEPLPPLEGYTFEGYRNADGSVGTKNLLGITTSVHCVAGVVDYVVKIIERDLLPKYPNVDGVVGLNHLYGCGVAINAPAAVVPIRTIHNISLNPNFGGEVMVIGLGCEKLQPERLLTGTDDVQAIPVESASIVSLQDEKHVGFQSMVEDILQIAERHLQKLNQRQRETCPASELVVGMQCGGSDAFSGVTANPAVGYASDLLVRCGATVMFSEVTEVRDAIHLLTPRAVNEEVGKRLLEEMEWYDNYLNMGKTDRSANPSPGNKKGGLANVVEKALGSIAKSGKSAIVEVLSPGQRPTKRGLIYAATPASDFVCGTQQVASGITVQVFTTGRGTPYGLMAVPVIKMATRTELANRWFDLMDINAGTIATGEETIEEVGWKLFHFILDVASGKKKTFSDQWGLHNQLAVFNPAPVT
90,T1000,523,All groups,T1000-D2: 93-523,431,FM,6u7l,MANIEIRQETPTAFYIKVHDTDNVAIIVNDNGLKAGTRFPDGLELIEHIPQGHKVALLDIPANGEIIRYGEVIGYAVRAIPRGSWIDESMVVLPEAPPLHTLPLATKVPEPLPPLEGYTFEGYRNADGSVGTKNLLGITTSVHCVAGVVDYVVKIIERDLLPKYPNVDGVVGLNHLYGCGVAINAPAAVVPIRTIHNISLNPNFGGEVMVIGLGCEKLQPERLLTGTDDVQAIPVESASIVSLQDEKHVGFQSMVEDILQIAERHLQKLNQRQRETCPASELVVGMQCGGSDAFSGVTANPAVGYASDLLVRCGATVMFSEVTEVRDAIHLLTPRAVNEEVGKRLLEEMEWYDNYLNMGKTDRSANPSPGNKKGGLANVVEKALGSIAKSGKSAIVEVLSPGQRPTKRGLIYAATPASDFVCGTQQVASGITVQVFTTGRGTPYGLMAVPVIKMATRTELANRWFDLMDINAGTIATGEETIEEVGWKLFHFILDVASGKKKTFSDQWGLHNQLAVFNPAPVT
91,T1001,140,All groups,T1001-D1: 2-140,139,FM,-,SISTRIGEYRSAQSKEDLIQKYLNQLPGSLCVFFKFLPSVRSFVATHASGIPGSDIQGVGVQLESNDMKELSSQMAIGLLPPRFTEMLVEAFHFSPPKALPLYAHNALEGVFVYSGQLPAEEVARMNEEFTLLSLCYSHF
92,T1002,270,All groups,T1002-D0: 1-270,270,FM-sp,-,PIYKYALANVNLRSAKSTNSSIITVIPQGAKMEVLDEEDDWIKVMYNSQEGYVYKDLVSVSEYAWSNLNLREDKSTTSNIITVIPEKSRVEVLQVDGDWSKVVYDDKIGYVFNYFLSIDGNKPNELDYKYFYTDMIKFVNENNIKSTSDYLIVTDLRNKYTYIFKKDNGGWGQLYKWQCTIGKPETPTITGIFYISGRKPSFGTDEYSVKYATRIKGGYYYHSVLYDSTGSYIIDGRLGEALSHGCIRLSTENAKWIYDNIPDTTTVIIH
93,T1002,270,All groups,T1002-D1: 1-59,59,TBM-easy,-,PIYKYALANVNLRSAKSTNSSIITVIPQGAKMEVLDEEDDWIKVMYNSQEGYVYKDLVSVSEYAWSNLNLREDKSTTSNIITVIPEKSRVEVLQVDGDWSKVVYDDKIGYVFNYFLSIDGNKPNELDYKYFYTDMIKFVNENNIKSTSDYLIVTDLRNKYTYIFKKDNGGWGQLYKWQCTIGKPETPTITGIFYISGRKPSFGTDEYSVKYATRIKGGYYYHSVLYDSTGSYIIDGRLGEALSHGCIRLSTENAKWIYDNIPDTTTVIIH
94,T1002,270,All groups,T1002-D2: 60-118,59,TBM-easy,-,PIYKYALANVNLRSAKSTNSSIITVIPQGAKMEVLDEEDDWIKVMYNSQEGYVYKDLVSVSEYAWSNLNLREDKSTTSNIITVIPEKSRVEVLQVDGDWSKVVYDDKIGYVFNYFLSIDGNKPNELDYKYFYTDMIKFVNENNIKSTSDYLIVTDLRNKYTYIFKKDNGGWGQLYKWQCTIGKPETPTITGIFYISGRKPSFGTDEYSVKYATRIKGGYYYHSVLYDSTGSYIIDGRLGEALSHGCIRLSTENAKWIYDNIPDTTTVIIH
95,T1002,270,All groups,T1002-D3: 127-270,144,TBM-easy,-,PIYKYALANVNLRSAKSTNSSIITVIPQGAKMEVLDEEDDWIKVMYNSQEGYVYKDLVSVSEYAWSNLNLREDKSTTSNIITVIPEKSRVEVLQVDGDWSKVVYDDKIGYVFNYFLSIDGNKPNELDYKYFYTDMIKFVNENNIKSTSDYLIVTDLRNKYTYIFKKDNGGWGQLYKWQCTIGKPETPTITGIFYISGRKPSFGTDEYSVKYATRIKGGYYYHSVLYDSTGSYIIDGRLGEALSHGCIRLSTENAKWIYDNIPDTTTVIIH
96,T1003,474,All groups,T1003-D1: 29-465,437,TBM-easy,6hrh,LQDGKSKIVQKAAPEVQEDVKAFKTGNYVFSYDQFFRDKIMEKKQDHTYRVFKTVNRWADAYPFAQHFSEASVASKDVSVWCSNDYLGMSRHPQVLQATQETLQRHGVGAGGTRNISGTSKFHVELEQELAELHQKDSALLFSSCFVANDSTLFTLAKILPGCEIYSDAGNHASMIQGIRNSGAAKFVFRHNDPDHLKKLLEKSNPKIPKIVAFETVHSMDGAICPLEELCDVSHQYGALTFVDEVHAVGLYGSRGAGIGERDGIMHKIDIISGTLGKAFGCVGGYIASTRDLVDMVRSYAAGFIFTTSLPPMVLSGALESVRLLKGEEGQALRRAHQRNVKHMRQLLMDRGLPVIPCPSHIIPIRVGNAALNSKLCDLLLSKHGIYVQAINYPTVPRGEELLRLAPSPHHSPQMMEDFVEKLLLAWTAVGLPLQDVSVAACNFCRRPVHFELMSEWERSYFGNMGPQYVTTYA
97,T1004,458,All groups,T1004-D1: 66-151,86,TBM-easy,-,MALNFTTITENNVIRDLTTQVNNIGEELTKERNIFDITDDLVYNFNKSQKIKLTDDKGLTKSYGNITALRDIKEPGYYYIGARTLATLLDRPDMESLDVVLHVVPLDTSSKVVQHLYTLSTNNNQIKMLYRFVSGNSSSEWQFIQGLPSNKNAVISGTNILDIASPGVYFVMGMTGGMPSGVSSGFLDLSVDANDNRLARLTDAETGKEYTSIKKPTGTYTAWKKEFEPKDMEKYLLSSIRDDGSASFPLLVYTSDSKTFQQAIIDHIDRTGQTTFTFYVQGGVSGSPMSNSCRGLFMSDTPNTSSLHGVYNAIGTDGRNVTGSVVGSNWTSPKTSPSHKELWTGAQSFLSTGTTKNLSDDISNYSYVEVYTTHKTTEKTKGNDNTGTICHKFYLDGSGTYVCSGTFVSGDRTDTKPPITEFYRVGVSFKGSTWTLVDSAVQNSKTQYVTRIIGINMP
98,T1004,458,All groups,T1004-D2: 152-228,77,TBM-easy,-,MALNFTTITENNVIRDLTTQVNNIGEELTKERNIFDITDDLVYNFNKSQKIKLTDDKGLTKSYGNITALRDIKEPGYYYIGARTLATLLDRPDMESLDVVLHVVPLDTSSKVVQHLYTLSTNNNQIKMLYRFVSGNSSSEWQFIQGLPSNKNAVISGTNILDIASPGVYFVMGMTGGMPSGVSSGFLDLSVDANDNRLARLTDAETGKEYTSIKKPTGTYTAWKKEFEPKDMEKYLLSSIRDDGSASFPLLVYTSDSKTFQQAIIDHIDRTGQTTFTFYVQGGVSGSPMSNSCRGLFMSDTPNTSSLHGVYNAIGTDGRNVTGSVVGSNWTSPKTSPSHKELWTGAQSFLSTGTTKNLSDDISNYSYVEVYTTHKTTEKTKGNDNTGTICHKFYLDGSGTYVCSGTFVSGDRTDTKPPITEFYRVGVSFKGSTWTLVDSAVQNSKTQYVTRIIGINMP
99,T1004,458,All groups,T1004-D3: 229-458,230,not evaluated,-,MALNFTTITENNVIRDLTTQVNNIGEELTKERNIFDITDDLVYNFNKSQKIKLTDDKGLTKSYGNITALRDIKEPGYYYIGARTLATLLDRPDMESLDVVLHVVPLDTSSKVVQHLYTLSTNNNQIKMLYRFVSGNSSSEWQFIQGLPSNKNAVISGTNILDIASPGVYFVMGMTGGMPSGVSSGFLDLSVDANDNRLARLTDAETGKEYTSIKKPTGTYTAWKKEFEPKDMEKYLLSSIRDDGSASFPLLVYTSDSKTFQQAIIDHIDRTGQTTFTFYVQGGVSGSPMSNSCRGLFMSDTPNTSSLHGVYNAIGTDGRNVTGSVVGSNWTSPKTSPSHKELWTGAQSFLSTGTTKNLSDDISNYSYVEVYTTHKTTEKTKGNDNTGTICHKFYLDGSGTYVCSGTFVSGDRTDTKPPITEFYRVGVSFKGSTWTLVDSAVQNSKTQYVTRIIGINMP
100,T1005,364,All groups,T1005-D1: 39-364,326,FM/TBM,6q64,MKLLKYLCIGISALSILSCSDWTSEEREVFENQEGMHRLIPLIEAQTEEDLTPTMREYFAQIREYRKTPHVKGFGWFGNWTGKGNNAQNYLKMLPDSVDFVSLWGTRGYLSDEQKADLKFFQEVKGGKALLCWIIQDLGDQLTPKGLNATQYWVEEKGQGNFIEGVKAYANAICDSIEKYNLDGFDIDYEPGYGHSGTLANYQTISPSGNNKMQVFIETLSARLRPAGRMLVMDGQPDLLSTETSKLVDHYIYQAYWESSTSSVIYKINKPNLDDWERKTIITVEFEQGWKTGGITYYTSVRPELNSMEGNQILDYATLDLPSGKRIGGIGTYHMEYDYPNDPPYKWLRKALYFGNQVYPGKFD
101,T1006,79,All groups,T1006-D1: 1-77,77,TBM-easy,6qek,DIYGDEITAVVSKIENVKGISQLKTRHIGQKIWAELNILVDPDSTIVQGETIASRVKKALTEQIRDIERVVVHFEPARK
102,T1008,80,All groups,T1008-D1: 3-79,77,FM/TBM,6msp,TDELLERLRQLFEELHERGTEIVVEVHINGERDEIRVRNISKEELKKLLERIREKIEREGSSEVEVNVHSGGQTWTFNEK
103,T1009,718,All groups,T1009-D1: 1-718,718,TBM-hard,6dru,TYFAPNSTGLRIQHGFETILIQPFGYDGFRVRAWPFRPPSGNEISFIYDPPIEGYEDTAHGMSYDTATTGTEPRTLRNGNIILRTTGWGGTTAGYRLSFYRVNDDGSETLLTNEYAPLKSLNPRYYYWPGPGAEFSAEFSFSATPDEQIYGTGTQQDHMINKKGSVIDMVNFNSYIPTPVFMSNKGYAFIWNMPAEGRMEFGTLRTRFTAASTTLVDYVIVAAQPGDYDTLQQRISALTGRAPAPPDFSLGYIQSKLRYENQTEVELLAQNFHDRNIPVSMIVIDYQSWAHQGDWALDPRLWPNVAQMSARVKNLTGAEMMASLWPSVADDSVNYAALQANGLLSATRDGPGTTDSWNGSYIRNYDSTNPSARKFLWSMLKKNYYDKGIKNFWIDQADGGALGEAYENNGQSTYIESIPFTLPNVNYAAGTQLSVGKLYPWAHQQAIEEGFRNATDTKEGSACDHVSLSRSGYIGSQRFCSMIWSGDTTSVWDTLAVQVASGLSAAATGWGWWTVDAGGFEVDSTVWWSGNIDTPEYRELYVRWLAWTTFLPFMRTHGSRTCYFQDAYTCANEPWSYGASNTPIIVSYIHLRYQLGAYLKSIFNQFHLTGRSIMRPLYMDFEKTDPKISQLVSSNSNYTTQQYMFGPRLLVSPVTLPNVTEWPVYLPQTGQNNTKPWTYWWTNETYAGGQVVKVPAPLQHIPVFHLGSREELLSGNVF
104,T1010,210,All groups,T1010-D1: 1-210,210,FM,6ubl,MSTKSVLFGRPVQTEGVPNVYAGAPVVPWTPPEPGIDNLGINSIDTFAVPGVGEYTVAFDGWVRVVRSPSTSGEWADAEVYTNLIEMKMVGECEELGKITVTLNPDCLSAGQIRTPFDPYAGEGPSAKACRMAVGAIFDMPKLGLKLMNREPIILTIDDVRSIPPAGAPGKGQIYRMMPLLDVNDPDGQPVAYLTSLRFNMGGYLKPDQM
105,T1011,534,All groups,T1011-D1: 55-268;433-520,302,TBM-hard,6m9t,DYKDDDDGAPKETRGYGGDAPFCTRLNHSYTGMWAPERSAEARGNLTRPPGSGEDCGSVSVAFPITMLLTGFVGNALAMLLVSRSYRRRESKRKKSFLLCIGWLALTDLVGQLLTTPVVIVVYLSKQRWEHIDPSGRLCTFFGLTMTVFGLSSLFIASAMAVERALAIRAPHWYASHMKTRATRAVLLGVWLAVLAFALLPVLGVGQYTVQWPGTWCFISTGRGGNGTSSSHNWGNLFFASAFAFLGLLALTVTFSCNLATIKALVSRGSNIFEMLRIDEGLRLKIYKDTEGYYTIGIGHLLTKSPSLNAAKSELDKAIGRNTNGVITKDEAEKLFNQDVDATVRGILRNAKLKPVYDSLDAVRRAALINMVFQMGETGVAGFTNSLRMLQQKRWDEAAVNLAKSRWYNQTPNRAKRVITTFRTGTWDAYGSWGRITTETAIQLMAIMCVLSVCWSPLLIMMLKMIFNQTSVEHCKTHTEKQKECNFFLIAVRLASLNQILDPWVYLLLRKILGRPLEVLFQGPHHHHHHHHHH
106,T1011,534,All groups,T1011-D2: 271-430,160,not evaluated,6m9t,DYKDDDDGAPKETRGYGGDAPFCTRLNHSYTGMWAPERSAEARGNLTRPPGSGEDCGSVSVAFPITMLLTGFVGNALAMLLVSRSYRRRESKRKKSFLLCIGWLALTDLVGQLLTTPVVIVVYLSKQRWEHIDPSGRLCTFFGLTMTVFGLSSLFIASAMAVERALAIRAPHWYASHMKTRATRAVLLGVWLAVLAFALLPVLGVGQYTVQWPGTWCFISTGRGGNGTSSSHNWGNLFFASAFAFLGLLALTVTFSCNLATIKALVSRGSNIFEMLRIDEGLRLKIYKDTEGYYTIGIGHLLTKSPSLNAAKSELDKAIGRNTNGVITKDEAEKLFNQDVDATVRGILRNAKLKPVYDSLDAVRRAALINMVFQMGETGVAGFTNSLRMLQQKRWDEAAVNLAKSRWYNQTPNRAKRVITTFRTGTWDAYGSWGRITTETAIQLMAIMCVLSVCWSPLLIMMLKMIFNQTSVEHCKTHTEKQKECNFFLIAVRLASLNQILDPWVYLLLRKILGRPLEVLFQGPHHHHHHHHHH
107,T1013,537,All groups,T1013-D1: 39-236;422-511,288,TBM-easy,-,DMADEPLNGSHTWLSIPFDLNGSVVSTNTSNQTEPYYDLTSNAVLTFIYFVVCIIGLCGNTLVIYVILRYAKMKTITNIYILNLAIANELFMLGLPFLAMQVALEHWPFGKAICRVVMTVDGINQFTSIFCLTVMSIDRYLAVVHPIKSAKWRRPRTAKMITMAVWGVSLLVILPIMIYAGLRSNQWGRSSCTINWPGESGAWYTGFIIYTFILGFLVPLTIICLCYLFIIIKVKSASTDYWQNWTFGGGIVNAVNGSGGNYSVNWSNTGNFVVGKGWTTGSPFRTINYNAGVWAPNGNGYLTLYGWTRSPLIEYYVVDSWGTYRPTGTYKGTVKSDGGTYDIYTTTRYNAPSIDGDDTTFTQYWSVRQSKRPTGSNATITFTNHVNAWKSHGMNLGSNWAYQVMATEGYQSSGSSNVTVWSSKRKKSEKKVTRMVSIVVAVFIFCWLPFYIFNVSSVSMAISPTPALKGMFDFVVVLTYANSCANPILYAFLDDNFKKSFQNVLCLVKVSGTDDGERSDSKQDKSRLNETTETQRT
108,T1014,276,All groups,T1014-D1: 1-159,159,TBM-easy,6qrj,SLAPVDIEGLLRQVAELMSPRAHEKGIEIAWAVSSPLPTILADEGRLRQILLNFAGNAVKFTEAGGVLLTASAIDGGRVRFSVADTGPGVAPDARARIFEAFVQTDVTHATQLGGAGLGLAIVSRLSAAMGGAVGVGGELGQGAEFWFEAPFATAAAPLRAAPLEGRNVAIASPNAIVRAATARQIEAAGGRAYAAVDIASALAGAPADAVLLIDAALSGPRGALKPPAGRRSVVLLTPEQRDRIDRLKAAGFSGYLIKPLRAASLVAQVLQAVTA
109,T1014,276,All groups,T1014-D2: 160-276,117,TBM-easy,6qrj,SLAPVDIEGLLRQVAELMSPRAHEKGIEIAWAVSSPLPTILADEGRLRQILLNFAGNAVKFTEAGGVLLTASAIDGGRVRFSVADTGPGVAPDARARIFEAFVQTDVTHATQLGGAGLGLAIVSRLSAAMGGAVGVGGELGQGAEFWFEAPFATAAAPLRAAPLEGRNVAIASPNAIVRAATARQIEAAGGRAYAAVDIASALAGAPADAVLLIDAALSGPRGALKPPAGRRSVVLLTPEQRDRIDRLKAAGFSGYLIKPLRAASLVAQVLQAVTA
110,T1015s1,218,All groups,T1015s1-D1: 2-89,88,FM,-,MAKFACKCGYVINLIASPGGDEWRLIPEKTLEDIVDLLDGGEAVDGERFYETLRGKEITVYRCPSCGRLHLEEAGRNKFVTYVKECGEL
111,T1015s2,218,All groups,T1015s2-D1: 1-129,129,TBM-hard,-,GQVTVEHGATPDSNETSAGRGLANAGYDVSHQPTASQQGVDGVRTADLSVKGVGQVDVYTPVNTNPNSIVRNIEGKFDQANGVIVQADLSNADMASIAARIWGKPNGQNFNTIFFQNSGGQIFKFNRPI
112,T1016,203,All groups,T1016-D1: 1-202,202,TBM-easy,6e4b,MRLWLIRHGETQANIDGLYSGHAPTPLTARGIEQAQNLHTLLHGVSFDLVLCSELERAQHTARLVLSDRQLPVQIIPELNEMFFGDWEMRHHRDLMQEDAENYSAWCNDWQHAIPTNGEGFQAFSQRVERFIARLSEFQHYQNILVVSHQGVLSLLIARLIGMPAEAMWHFRVDQGCWSAIDINQKFATLRVLNSRAIGVENA
113,T1017s1,240,All groups,T1017s1-D1: 1-110,110,TBM-easy,-,LLLNDKQYNELCEAAEGRNLGAVFSYSEPEEPPPLNFSFEERKKIFLWVLTRLLKEGRIKLAKHGKFLEGSVDEQVERFRQAFPKTEEEMEDGIWFFDESCPGGAVWVLED
114,T1017s2,240,All groups,T1017s2-D1: 2-129,128,FM,-,HQEVQQQRFDELSKIYDKSHPVGELTVDGQTIRQSSVSNRYGMTKVFESQNLTDKQIHNYAQQLAGDTPLKEVRPGIYTAKLENGTSITLRSLSSSQEQTGARWTIDIKGNKQLSDIAYKYKDVEIKFK
115,T1018,334,All groups,T1018-D1: 1-334,334,TBM-easy,6n91,MITSSLPLTDLHRHLDGNIRTQTILELGQKFGVKLPANTLQTLTPYVQIVEAEPSLVAFLSKLDWGVAVLGDLDACRRVAYENVEDALNARIDYAELRFSPYYMAMKHSLPVTGVVEAVVDGVRAGVRDFGIQANLIGIMSRTFGTDACQQELDAILSQKNHIVAVDLAGDELGQPGDRFIQHFKQVRDAGLHVTVHAGEAAGPESMWQAIRDLGATRIGHGVKAIHDPKLMDYLAQHRIGIESCLTSNLQTSTVDSLATHPLKRFLEHGILACINTDDPAVEGIELPYEYEVAAPQAGLSQEQIRQAQLNGLELAFLSDSEKKALLAKAALRG
116,T1019s1,146,All groups,T1019s1-D1: 1-58,58,FM/TBM,-,GSYPCPCCGNKTIDEPGCYEICPICGWEDDPVQSADPDFSGGANSPSLNEAKRAFNEQ
117,T1019s2,146,All groups,T1019s2-D1: 1-88,88,TBM-easy,-,KVEPVGNAYGHWTKHGKEFPEYQNAKQYVDAAHNFMTNPPPGTLTKTRPNGDTLYYNPVTNVFASKDINGVPRTMFKPEKGIEYWNKQ
118,T1020,1668,All groups,T1020-D1: 191-512,322,TBM-easy,7en0,MAADPSSSTTTTGHGLHATEEARQAAMSGPISARRPPPPASQRAFSRQVSLGSGVTVLGMDRVGGGGRNGGRRSALPRSGKSLGVLNNNINHSGALGGGGGERRGGGDFSMFRTKSTLNKQNSMLPSRIREELDDVDLGRVEGGGQSAGRPDEDPLNKSVPAGRYFAALRGPELDEVRDYEDILLPKDEVWPFLLRFPIGCFGVCLGLGSQAILWGALAASPAMRFLRVTPMINLAVWLLAAAVLAATSVTYALKCVFYFEAIRREFFHPVRVNFFFTPSIAAMFLAIGLPRALAPADGRAMHPAVWCASVAPLFALELKIYGQWLSGGKRRLCKVANPSSHLSVVGNFVGAILAARVGWVEAGKFLWAIGVAHYIVVFVTLYQRLPTNEALPMELHPVYSMFIATPSAASLAWAAIYGSFDAVARTFFFMALFLYMSLVVRINFFRGFRFSIAWWSYTFPMTTASLATVKYAEAVPCFLSRALALSLSLMSTTMVSLLLVSTLLHAFVWRSLFPNDLAIAITKDRQNGGARPHGKGRKAGKRVYDIKRWAKQAPLSLVSSITKTNSADKEEEEKTD
119,T1021s1,798,All groups,T1021s1-D1: 1-149,149,TBM-hard,6rap,MAITADDIAVQYPIPTYRFIVTLGDEQVPFTSASGLDINFDTIEYRDGTGNWFKMPGQRQAPNITLSKGVFPGKNAMYEWINAIQLNQVEKKDIMISLTNEAGTEVLVSWNVSNAFPTSLTSPSFDATSNEIAVQQITLMADRVTIQTA
120,T1021s2,798,All groups,T1021s2-D1: 4-352,349,TBM-hard,6rap,MTVTTTYPGVYLSEDAVSSFSVNSAATAVPLFAYDSENTNTINKPIQVFRNWAEFTVEYPTPLEDAFYTSLSLWFMHGGGKCYLVNEANIADAVAQYDDITLIVAAGTDTTTYTAFTTVVGQGYRIFGLFDGPKEKIAGTAKPDEVMEEYPTSPFGAVFYPWGTLASGAAVPPSAIAAASITQTDRTRGVWKAPANQAVNGVTPAFAVSDDFQGKYNQGKALNMIRTFSGQGTVVWGARTLEDSDNWRYIPVRRLFNAVERDIQKSLNKLVFEPNSQPTWQRVKAAVDSYLHSLWQQGALAGNTPADAWFVQVGKDLTMTQEEINQGKMIIKIGLAAVRPAEFIILQFSQDIAQ
121,T1021s3,798,All groups,T1021s3-D1: 4-181,178,FM,6rap,MSMSNYQTLVDVNNAMNKMLRAYVNEAVAIRFDLPDVDATQADAAISVFLYDIHEDLQLRTAESRGFNAGAGRLLPGWVNVKCNYLITYWESTGPATDADNPDSQPDNQAIQVMSQVLAALINNRQLADIPGAYTQVMPPKENLNSLGNFWQSLGNRPRLSLNYCVTVPISLSDKGEEMTPVKSLSTTVEPKAPLSPLVITDALREQLRVALGGDYDACLAMTHVNLDSSPVANSDGSAAEIRVSLRVYGMTPTEYLAPMNTVFNEWEKSEAAAVTPDGYRVYINAVDKTDLTGI
122,T1021s3,798,All groups,T1021s3-D2: 195-295,101,FM,6rap,MSMSNYQTLVDVNNAMNKMLRAYVNEAVAIRFDLPDVDATQADAAISVFLYDIHEDLQLRTAESRGFNAGAGRLLPGWVNVKCNYLITYWESTGPATDADNPDSQPDNQAIQVMSQVLAALINNRQLADIPGAYTQVMPPKENLNSLGNFWQSLGNRPRLSLNYCVTVPISLSDKGEEMTPVKSLSTTVEPKAPLSPLVITDALREQLRVALGGDYDACLAMTHVNLDSSPVANSDGSAAEIRVSLRVYGMTPTEYLAPMNTVFNEWEKSEAAAVTPDGYRVYINAVDKTDLTGI
123,T1022s1,758,All groups,T1022s1-D1: 2-157,156,FM,6rbk,MSLLERGLSKLTLNAWKDREGKIPAGSMSAMYNPETIQLDYQTRFDTEDTINTASQSNRYVISEPVGLNLTLLFDSQMPGNTTPIETQLAMLKSLCAVDAATGSPYFLRITWGKMRWENKGWFAGRARDLSVTYTLFDRDATPLRATVQLSLVADESFVIQQSLKTQSAPDRALVSVPDLASLPLLALSAGGVLASSVDYLSLAWDNDLDNLDDFQTGDFLRATKGEEV
124,T1022s1,758,All groups,T1022s1-D2: 158-224,67,TBM-hard,6rbk,MSLLERGLSKLTLNAWKDREGKIPAGSMSAMYNPETIQLDYQTRFDTEDTINTASQSNRYVISEPVGLNLTLLFDSQMPGNTTPIETQLAMLKSLCAVDAATGSPYFLRITWGKMRWENKGWFAGRARDLSVTYTLFDRDATPLRATVQLSLVADESFVIQQSLKTQSAPDRALVSVPDLASLPLLALSAGGVLASSVDYLSLAWDNDLDNLDDFQTGDFLRATKGEEV
125,T1022s2,758,All groups,T1022s2-D1: 3-527,525,TBM-hard,6rbk,MSHITLDIAGQRSTLGIRRLRVQQLINEIPLAQLELHIPTDNHGAADNAVQHEVSRFTLGVRVGIAQDNKPLFDGYLVQKKMQLKGKEWSVRLEARHALQKLTFLPHSRVFRQQDDSTVMKGLLQSAGVKLTQESAAQLSSKHDQLLQFRLSDWQFIRSRLLSTNCWLLPDAASDTVVIRPLSDAAMASRTLARDSHDYTLYEINLNFDNRFTPDSLSLQGWDIAAQRLTAAQKSPAGAFRPWKPAGKVGQSSAGRQDYALAFSMLPEATLQTLSNSWLNYQQMTGVQGHIVLAGTRDFAPGESITLSGFGAGLDGTAMLSGVNQQFDTQYGWRSELVIGLPASMLEPAPPVRSLHIGTVAGFTADPQHLDRIAIHLPALNLPDSLIFARLSKPWASHASGFCFYPEPGDEVVVGFIDSDPRYPMILGALHNPKNTAPFPPDEKNNRKGLIVSQADQTQALMIDTEEKTLRLMAGDNTLTLTGEGNLTMSTPNALQLQADTLGLQADSNLSIAGKQQVEITSAKINMKK